"ID","filed","Kingdom","Phylum","Class","Order","Family","Genus","Species","group","Label"
"bac_ASV_1011","bac","Bacteria","Proteobacteria","Alphaproteobacteria","Rhizobiales","Devosiaceae","Devosia","Devosia ginsengisoli","bac","bac_ASV_1011"
"bac_ASV_10147","bac","Bacteria","Proteobacteria","Alphaproteobacteria","Rhizobiales","Pleomorphomonadaceae",NA,NA,"bac","bac_ASV_10147"
"bac_ASV_1018","bac","Bacteria","Proteobacteria","Alphaproteobacteria","Rhizobiales","Methylobacteriaceae","Microvirga","Microvirga sp. SM9","bac","bac_ASV_1018"
"bac_ASV_1022","bac","Bacteria","Proteobacteria","Alphaproteobacteria","Rhizobiales","Xanthobacteraceae","Pseudolabrys","Pseudolabrys taiwanensis","bac","bac_ASV_1022"
"bac_ASV_1030","bac","Bacteria","Proteobacteria","Alphaproteobacteria","Rhizobiales","Bradyrhizobiaceae","Bradyrhizobium","Bradyrhizobium erythrophlei","bac","bac_ASV_1030"
"bac_ASV_1037","bac","Bacteria","Proteobacteria","Alphaproteobacteria","Rhizobiales","Bradyrhizobiaceae","Bradyrhizobium","Bradyrhizobium murdochi","bac","bac_ASV_1037"
"bac_ASV_1041","bac","Bacteria","Proteobacteria","Alphaproteobacteria","Rhizobiales","Bradyrhizobiaceae","Bradyrhizobium","Bradyrhizobium murdochi","bac","bac_ASV_1041"
"bac_ASV_1049","bac","Bacteria","Proteobacteria","Alphaproteobacteria","Rhizobiales","Rhizobiaceae","Rhizobium","Rhizobium azooxidifex","bac","bac_ASV_1049"
"bac_ASV_1050","bac","Bacteria","Proteobacteria","Alphaproteobacteria","Rhizobiales","Devosiaceae","Devosia",NA,"bac","bac_ASV_1050"
"bac_ASV_1054","bac","Bacteria","Proteobacteria","Alphaproteobacteria","Rhizobiales","Xanthobacteraceae",NA,"Xanthobacteraceae bacterium","bac","bac_ASV_1054"
"bac_ASV_1056","bac","Bacteria","Proteobacteria","Alphaproteobacteria","Rhizobiales","Bradyrhizobiaceae",NA,"Bradyrhizobiaceae bacterium","bac","bac_ASV_1056"
"bac_ASV_1060","bac","Bacteria","Proteobacteria","Alphaproteobacteria","Rhizobiales","Devosiaceae","Devosia","Devosia sp. 66-22","bac","bac_ASV_1060"
"bac_ASV_1063","bac","Bacteria","Proteobacteria","Alphaproteobacteria","Rhizobiales","Phyllobacteriaceae","Mesorhizobium","Mesorhizobium sp. YM1C-6-2","bac","bac_ASV_1063"
"bac_ASV_1065","bac","Bacteria","Proteobacteria","Alphaproteobacteria","Rhizobiales","Xanthobacteraceae",NA,"Xanthobacteraceae bacterium","bac","bac_ASV_1065"
"bac_ASV_1070","bac","Bacteria","Proteobacteria","Alphaproteobacteria","Rhizobiales","Bradyrhizobiaceae","Bradyrhizobium","Bradyrhizobium murdochi","bac","bac_ASV_1070"
"bac_ASV_1071","bac","Bacteria","Proteobacteria","Alphaproteobacteria","Rhizobiales","Devosiaceae","Devosia",NA,"bac","bac_ASV_1071"
"bac_ASV_1073","bac","Bacteria","Proteobacteria","Alphaproteobacteria","Rhizobiales","Phyllobacteriaceae","Mesorhizobium","Mesorhizobium sp. YM1C-6-2","bac","bac_ASV_1073"
"bac_ASV_1074","bac","Bacteria","Proteobacteria","Alphaproteobacteria","Rhizobiales","Rhizobiaceae","Rhizobium","Rhizobium yanglingense","bac","bac_ASV_1074"
"bac_ASV_10803","bac","Bacteria","Proteobacteria","Alphaproteobacteria","Rhizobiales","Bradyrhizobiaceae",NA,"Bradyrhizobiaceae bacterium","bac","bac_ASV_10803"
"bac_ASV_1083","bac","Bacteria","Proteobacteria","Alphaproteobacteria","Rhizobiales","Hyphomicrobiaceae","Methyloceanibacter","Methyloceanibacter superfactus","bac","bac_ASV_1083"
"bac_ASV_1087","bac","Bacteria","Proteobacteria","Alphaproteobacteria","Rhizobiales","Rhizobiaceae","Sinorhizobium","Sinorhizobium fredii group","bac","bac_ASV_1087"
"bac_ASV_1089","bac","Bacteria","Proteobacteria","Alphaproteobacteria","Rhizobiales","Bradyrhizobiaceae","Bradyrhizobium",NA,"bac","bac_ASV_1089"
"bac_ASV_1092","bac","Bacteria","Proteobacteria","Alphaproteobacteria","Rhizobiales","Boseaceae","Bosea","Bosea vestrisii","bac","bac_ASV_1092"
"bac_ASV_1097","bac","Bacteria","Proteobacteria","Alphaproteobacteria","Rhizobiales","Devosiaceae","Devosia","Devosia oryziradicis","bac","bac_ASV_1097"
"bac_ASV_1099","bac","Bacteria","Proteobacteria","Alphaproteobacteria","Rhizobiales","Phyllobacteriaceae","Mesorhizobium","Mesorhizobium camelthorni","bac","bac_ASV_1099"
"bac_ASV_1102","bac","Bacteria","Proteobacteria","Alphaproteobacteria","Rhizobiales","Devosiaceae","Devosia","Devosia sp. A16","bac","bac_ASV_1102"
"bac_ASV_1108","bac","Bacteria","Proteobacteria","Alphaproteobacteria","Rhizobiales","Boseaceae","Bosea","Bosea vestrisii","bac","bac_ASV_1108"
"bac_ASV_1111","bac","Bacteria","Proteobacteria","Alphaproteobacteria","Rhizobiales","Bradyrhizobiaceae","Afipia","Afipia sp. P52-10","bac","bac_ASV_1111"
"bac_ASV_11163","bac","Bacteria","Proteobacteria","Alphaproteobacteria","Rhizobiales","Rhizobiaceae","Rhizobium","Rhizobium sp. GN54","bac","bac_ASV_11163"
"bac_ASV_11231","bac","Bacteria","Proteobacteria","Alphaproteobacteria","Rhizobiales","Rhizobiaceae","Sinorhizobium","Sinorhizobium fredii group","bac","bac_ASV_11231"
"bac_ASV_1126","bac","Bacteria","Proteobacteria","Alphaproteobacteria","Rhizobiales","Bradyrhizobiaceae","Bradyrhizobium","Bradyrhizobium sp. dw_411","bac","bac_ASV_1126"
"bac_ASV_1129","bac","Bacteria","Proteobacteria","Alphaproteobacteria","Rhizobiales","Hyphomicrobiaceae","Hyphomicrobium","Hyphomicrobium sp. CS1BSMeth3","bac","bac_ASV_1129"
"bac_ASV_1134","bac","Bacteria","Proteobacteria","Alphaproteobacteria","Rhizobiales","Devosiaceae","Devosia","Devosia sp. SL43","bac","bac_ASV_1134"
"bac_ASV_1139","bac","Bacteria","Proteobacteria","Alphaproteobacteria","Rhizobiales","Bradyrhizobiaceae","Afipia","Afipia sp. P52-10","bac","bac_ASV_1139"
"bac_ASV_1141","bac","Bacteria","Proteobacteria","Alphaproteobacteria","Rhizobiales","Devosiaceae","Devosia","Devosia oryziradicis","bac","bac_ASV_1141"
"bac_ASV_1151","bac","Bacteria","Proteobacteria","Alphaproteobacteria","Rhizobiales","Hyphomicrobiaceae","Rhodoplanes","Rhodoplanes sp. Z2-YC6860","bac","bac_ASV_1151"
"bac_ASV_1152","bac","Bacteria","Proteobacteria","Alphaproteobacteria","Rhizobiales","Phyllobacteriaceae","Mesorhizobium","Mesorhizobium sp. YM1C-6-2","bac","bac_ASV_1152"
"bac_ASV_1160","bac","Bacteria","Proteobacteria","Alphaproteobacteria","Rhizobiales","Bradyrhizobiaceae","Bradyrhizobium","Bradyrhizobium murdochi","bac","bac_ASV_1160"
"bac_ASV_1164","bac","Bacteria","Proteobacteria","Alphaproteobacteria","Rhizobiales","Devosiaceae","Devosia","Devosia sp. LC5","bac","bac_ASV_1164"
"bac_ASV_1173","bac","Bacteria","Proteobacteria","Alphaproteobacteria","Rhizobiales","Devosiaceae","Devosia","Devosia sp. 66-22","bac","bac_ASV_1173"
"bac_ASV_1186","bac","Bacteria","Proteobacteria","Alphaproteobacteria","Rhizobiales","Bradyrhizobiaceae","Bradyrhizobium",NA,"bac","bac_ASV_1186"
"bac_ASV_1194","bac","Bacteria","Proteobacteria","Alphaproteobacteria","Rhizobiales",NA,"Nordella","Nordella sp. HKS 07","bac","bac_ASV_1194"
"bac_ASV_1202","bac","Bacteria","Proteobacteria","Alphaproteobacteria","Rhizobiales","Phyllobacteriaceae","Mesorhizobium","Mesorhizobium sp. M6A.T.Ce.TU.016.01.1.1","bac","bac_ASV_1202"
"bac_ASV_1205","bac","Bacteria","Proteobacteria","Alphaproteobacteria","Rhizobiales","Bradyrhizobiaceae","Bradyrhizobium","Bradyrhizobium murdochi","bac","bac_ASV_1205"
"bac_ASV_1211","bac","Bacteria","Proteobacteria","Alphaproteobacteria","Rhizobiales","Devosiaceae","Devosia","Devosia sp. SL43","bac","bac_ASV_1211"
"bac_ASV_1213","bac","Bacteria","Proteobacteria","Alphaproteobacteria","Rhizobiales","Bradyrhizobiaceae","Afipia","Afipia sp. P52-10","bac","bac_ASV_1213"
"bac_ASV_1214","bac","Bacteria","Proteobacteria","Alphaproteobacteria","Rhizobiales","Devosiaceae","Devosia","Devosia oryziradicis","bac","bac_ASV_1214"
"bac_ASV_1215","bac","Bacteria","Proteobacteria","Alphaproteobacteria","Rhizobiales","Rhizobiaceae","Ensifer",NA,"bac","bac_ASV_1215"
"bac_ASV_1220","bac","Bacteria","Proteobacteria","Alphaproteobacteria","Rhizobiales","Devosiaceae","Devosia","Devosia sp. A16","bac","bac_ASV_1220"
"bac_ASV_1225","bac","Bacteria","Proteobacteria","Alphaproteobacteria","Rhizobiales","Devosiaceae","Devosia","Devosia oryziradicis","bac","bac_ASV_1225"
"bac_ASV_1226","bac","Bacteria","Proteobacteria","Alphaproteobacteria","Rhizobiales","Hyphomicrobiaceae","Hyphomicrobium","Hyphomicrobium sp. CS1BSMeth3","bac","bac_ASV_1226"
"bac_ASV_1233","bac","Bacteria","Proteobacteria","Alphaproteobacteria","Rhizobiales","Bradyrhizobiaceae","Afipia","Afipia sp. P52-10","bac","bac_ASV_1233"
"bac_ASV_1244","bac","Bacteria","Proteobacteria","Alphaproteobacteria","Rhizobiales","Devosiaceae","Devosia","Devosia sp. LC5","bac","bac_ASV_1244"
"bac_ASV_1255","bac","Bacteria","Proteobacteria","Alphaproteobacteria","Rhizobiales","Phyllobacteriaceae","Phyllobacterium","Phyllobacterium bourgognense","bac","bac_ASV_1255"
"bac_ASV_1256","bac","Bacteria","Proteobacteria","Alphaproteobacteria","Rhizobiales","Methylobacteriaceae","Microvirga","Microvirga ossetica","bac","bac_ASV_1256"
"bac_ASV_1261","bac","Bacteria","Proteobacteria","Alphaproteobacteria","Rhizobiales","Methylobacteriaceae","Microvirga","Microvirga subterranea","bac","bac_ASV_1261"
"bac_ASV_1265","bac","Bacteria","Proteobacteria","Alphaproteobacteria","Rhizobiales","Phyllobacteriaceae","Mesorhizobium","Mesorhizobium alhagi","bac","bac_ASV_1265"
"bac_ASV_1267","bac","Bacteria","Proteobacteria","Alphaproteobacteria","Rhizobiales","Xanthobacteraceae",NA,"Xanthobacteraceae bacterium","bac","bac_ASV_1267"
"bac_ASV_1271","bac","Bacteria","Proteobacteria","Alphaproteobacteria","Rhizobiales","Methylobacteriaceae","Microvirga","Microvirga brassicacearum","bac","bac_ASV_1271"
"bac_ASV_12724","bac","Bacteria","Proteobacteria","Alphaproteobacteria","Rhizobiales","Alsobacteraceae","Alsobacter","Alsobacter soli","bac","bac_ASV_12724"
"bac_ASV_1276","bac","Bacteria","Proteobacteria","Alphaproteobacteria","Rhizobiales","Rhizobiaceae","Agrobacterium","Agrobacterium tumefaciens complex","bac","bac_ASV_1276"
"bac_ASV_1277","bac","Bacteria","Proteobacteria","Alphaproteobacteria","Rhizobiales","Devosiaceae","Devosia","Devosia sp. LC5","bac","bac_ASV_1277"
"bac_ASV_1280","bac","Bacteria","Proteobacteria","Alphaproteobacteria","Rhizobiales","Bradyrhizobiaceae","Bradyrhizobium",NA,"bac","bac_ASV_1280"
"bac_ASV_1284","bac","Bacteria","Proteobacteria","Alphaproteobacteria","Rhizobiales","Phyllobacteriaceae","Mesorhizobium","Mesorhizobium sp. YM1C-6-2","bac","bac_ASV_1284"
"bac_ASV_1292","bac","Bacteria","Proteobacteria","Alphaproteobacteria","Rhizobiales","Boseaceae","Bosea","Bosea sp. Tri-44","bac","bac_ASV_1292"
"bac_ASV_1293","bac","Bacteria","Proteobacteria","Alphaproteobacteria","Rhizobiales","Bradyrhizobiaceae","Bradyrhizobium","Bradyrhizobium murdochi","bac","bac_ASV_1293"
"bac_ASV_1308","bac","Bacteria","Proteobacteria","Alphaproteobacteria","Rhizobiales","Bradyrhizobiaceae","Bradyrhizobium","Bradyrhizobium murdochi","bac","bac_ASV_1308"
"bac_ASV_1309","bac","Bacteria","Proteobacteria","Alphaproteobacteria","Rhizobiales","Bradyrhizobiaceae","Bradyrhizobium","Bradyrhizobium murdochi","bac","bac_ASV_1309"
"bac_ASV_1313","bac","Bacteria","Proteobacteria","Alphaproteobacteria","Rhizobiales","Hyphomicrobiaceae","Hyphomicrobium","Hyphomicrobium sp. CS1GBMeth3","bac","bac_ASV_1313"
"bac_ASV_1330","bac","Bacteria","Proteobacteria","Alphaproteobacteria","Rhizobiales","Devosiaceae","Devosia","Devosia oryziradicis","bac","bac_ASV_1330"
"bac_ASV_1355","bac","Bacteria","Proteobacteria","Alphaproteobacteria","Rhizobiales","Xanthobacteraceae",NA,"Xanthobacteraceae bacterium","bac","bac_ASV_1355"
"bac_ASV_1356","bac","Bacteria","Proteobacteria","Alphaproteobacteria","Rhizobiales","Aestuariivirgaceae","Aestuariivirga","Aestuariivirga sp. YIM B02566","bac","bac_ASV_1356"
"bac_ASV_1360","bac","Bacteria","Proteobacteria","Alphaproteobacteria","Rhizobiales","Bradyrhizobiaceae","Bradyrhizobium",NA,"bac","bac_ASV_1360"
"bac_ASV_1363","bac","Bacteria","Proteobacteria","Alphaproteobacteria","Rhizobiales","Boseaceae","Bosea","Bosea psychrotolerans","bac","bac_ASV_1363"
"bac_ASV_1374","bac","Bacteria","Proteobacteria","Alphaproteobacteria","Rhizobiales","Rhizobiaceae",NA,"Rhizobiaceae bacterium","bac","bac_ASV_1374"
"bac_ASV_1379","bac","Bacteria","Proteobacteria","Alphaproteobacteria","Rhizobiales","Rhizobiaceae","Rhizobium","Rhizobium sp. BK379","bac","bac_ASV_1379"
"bac_ASV_1381","bac","Bacteria","Proteobacteria","Alphaproteobacteria","Rhizobiales",NA,"Pseudorhodoplanes","Pseudorhodoplanes sinuspersici","bac","bac_ASV_1381"
"bac_ASV_1395","bac","Bacteria","Proteobacteria","Alphaproteobacteria","Rhizobiales","Bradyrhizobiaceae","Bradyrhizobium",NA,"bac","bac_ASV_1395"
"bac_ASV_1403","bac","Bacteria","Proteobacteria","Alphaproteobacteria","Rhizobiales","Devosiaceae","Devosia","Devosia sp. 66-22","bac","bac_ASV_1403"
"bac_ASV_1410","bac","Bacteria","Proteobacteria","Alphaproteobacteria","Rhizobiales","Xanthobacteraceae","Pseudolabrys","Pseudolabrys sp. FHR47","bac","bac_ASV_1410"
"bac_ASV_1431","bac","Bacteria","Proteobacteria","Alphaproteobacteria","Rhizobiales","Xanthobacteraceae",NA,"Xanthobacteraceae bacterium","bac","bac_ASV_1431"
"bac_ASV_1434","bac","Bacteria","Proteobacteria","Alphaproteobacteria","Rhizobiales","Hyphomicrobiaceae","Methyloceanibacter","Methyloceanibacter superfactus","bac","bac_ASV_1434"
"bac_ASV_1438","bac","Bacteria","Proteobacteria","Alphaproteobacteria","Rhizobiales","Rhizobiaceae","Rhizobium","Rhizobium sp. AQ_MP","bac","bac_ASV_1438"
"bac_ASV_1442","bac","Bacteria","Proteobacteria","Alphaproteobacteria","Rhizobiales",NA,"Pseudorhodoplanes","Pseudorhodoplanes sinuspersici","bac","bac_ASV_1442"
"bac_ASV_1453","bac","Bacteria","Proteobacteria","Alphaproteobacteria","Rhizobiales","Bradyrhizobiaceae","Bradyrhizobium","Bradyrhizobium murdochi","bac","bac_ASV_1453"
"bac_ASV_1455","bac","Bacteria","Proteobacteria","Alphaproteobacteria","Rhizobiales","Bradyrhizobiaceae","Bradyrhizobium","Bradyrhizobium murdochi","bac","bac_ASV_1455"
"bac_ASV_1465","bac","Bacteria","Proteobacteria","Alphaproteobacteria","Rhizobiales","Devosiaceae","Devosia","Devosia sp. 66-22","bac","bac_ASV_1465"
"bac_ASV_1468","bac","Bacteria","Proteobacteria","Alphaproteobacteria","Rhizobiales","Methylobacteriaceae","Microvirga","Microvirga soli","bac","bac_ASV_1468"
"bac_ASV_1469","bac","Bacteria","Proteobacteria","Alphaproteobacteria","Rhizobiales","Rhizobiaceae","Rhizobium","Rhizobium azooxidifex","bac","bac_ASV_1469"
"bac_ASV_1476","bac","Bacteria","Proteobacteria","Alphaproteobacteria","Rhizobiales","Devosiaceae","Devosia","Devosia sp. LC5","bac","bac_ASV_1476"
"bac_ASV_1481","bac","Bacteria","Proteobacteria","Alphaproteobacteria","Rhizobiales","Hyphomicrobiaceae","Rhodoplanes","Rhodoplanes sp. Z2-YC6860","bac","bac_ASV_1481"
"bac_ASV_1483","bac","Bacteria","Proteobacteria","Alphaproteobacteria","Rhizobiales","Rhizobiaceae","Neorhizobium","Neorhizobium sp. T25_13","bac","bac_ASV_1483"
"bac_ASV_1485","bac","Bacteria","Proteobacteria","Alphaproteobacteria","Rhizobiales","Phyllobacteriaceae","Mesorhizobium","Mesorhizobium sp. YM1C-6-2","bac","bac_ASV_1485"
"bac_ASV_1831","bac","Bacteria","Proteobacteria","Alphaproteobacteria","Rhizobiales","Hyphomicrobiaceae","Hyphomicrobium","Hyphomicrobium sp. CS1BSMeth3","bac","bac_ASV_1831"
"bac_ASV_1832","bac","Bacteria","Proteobacteria","Alphaproteobacteria","Rhizobiales","Rhizobiaceae","Neorhizobium","Neorhizobium sp. T25_13","bac","bac_ASV_1832"
"bac_ASV_1833","bac","Bacteria","Proteobacteria","Alphaproteobacteria","Rhizobiales","Phyllobacteriaceae","Mesorhizobium","Mesorhizobium alhagi","bac","bac_ASV_1833"
"bac_ASV_1837","bac","Bacteria","Proteobacteria","Alphaproteobacteria","Rhizobiales",NA,NA,"Hyphomicrobiales bacterium","bac","bac_ASV_1837"
"bac_ASV_1841","bac","Bacteria","Proteobacteria","Alphaproteobacteria","Rhizobiales","Bradyrhizobiaceae","Bradyrhizobium","Bradyrhizobium sp. dw_411","bac","bac_ASV_1841"
"bac_ASV_1853","bac","Bacteria","Proteobacteria","Alphaproteobacteria","Rhizobiales","Rhizobiaceae","Rhizobium","Rhizobium azooxidifex","bac","bac_ASV_1853"
"bac_ASV_1860","bac","Bacteria","Proteobacteria","Alphaproteobacteria","Rhizobiales","Aestuariivirgaceae","Aestuariivirga","Aestuariivirga litoralis","bac","bac_ASV_1860"
"bac_ASV_1864","bac","Bacteria","Proteobacteria","Alphaproteobacteria","Rhizobiales","Xanthobacteraceae","Pseudolabrys","Pseudolabrys taiwanensis","bac","bac_ASV_1864"
"bac_ASV_1874","bac","Bacteria","Proteobacteria","Alphaproteobacteria","Rhizobiales","Phyllobacteriaceae","Oryzicola","Oryzicola mucosus","bac","bac_ASV_1874"
"bac_ASV_1877","bac","Bacteria","Proteobacteria","Alphaproteobacteria","Rhizobiales","Devosiaceae","Devosia","Devosia sp. 66-22","bac","bac_ASV_1877"
"bac_ASV_1879","bac","Bacteria","Proteobacteria","Alphaproteobacteria","Rhizobiales","Bradyrhizobiaceae","Bradyrhizobium","Bradyrhizobium murdochi","bac","bac_ASV_1879"
"bac_ASV_1883","bac","Bacteria","Proteobacteria","Alphaproteobacteria","Rhizobiales","Devosiaceae",NA,NA,"bac","bac_ASV_1883"
"bac_ASV_1886","bac","Bacteria","Proteobacteria","Alphaproteobacteria","Rhizobiales","Beijerinckiaceae","Pseudochelatococcus","Pseudochelatococcus contaminans","bac","bac_ASV_1886"
"bac_ASV_1893","bac","Bacteria","Proteobacteria","Alphaproteobacteria","Rhizobiales","Phyllobacteriaceae","Mesorhizobium","Mesorhizobium sp. YM1C-6-2","bac","bac_ASV_1893"
"bac_ASV_1900","bac","Bacteria","Proteobacteria","Alphaproteobacteria","Rhizobiales","Rhizobiaceae","Rhizobium","Rhizobium sp. AC44/96","bac","bac_ASV_1900"
"bac_ASV_1902","bac","Bacteria","Proteobacteria","Alphaproteobacteria","Rhizobiales","Rhizobiaceae","Neorhizobium","Neorhizobium galegae","bac","bac_ASV_1902"
"bac_ASV_1904","bac","Bacteria","Proteobacteria","Alphaproteobacteria","Rhizobiales","Phyllobacteriaceae","Mesorhizobium","Mesorhizobium sp. YM1C-6-2","bac","bac_ASV_1904"
"bac_ASV_1909","bac","Bacteria","Proteobacteria","Alphaproteobacteria","Rhizobiales","Bradyrhizobiaceae","Bradyrhizobium","Bradyrhizobium erythrophlei","bac","bac_ASV_1909"
"bac_ASV_1912","bac","Bacteria","Proteobacteria","Alphaproteobacteria","Rhizobiales","Hyphomicrobiaceae","Hyphomicrobium","Hyphomicrobium nitrativorans","bac","bac_ASV_1912"
"bac_ASV_1916","bac","Bacteria","Proteobacteria","Alphaproteobacteria","Rhizobiales","Bradyrhizobiaceae","Bradyrhizobium","Bradyrhizobium murdochi","bac","bac_ASV_1916"
"bac_ASV_1917","bac","Bacteria","Proteobacteria","Alphaproteobacteria","Rhizobiales","Bradyrhizobiaceae","Bradyrhizobium",NA,"bac","bac_ASV_1917"
"bac_ASV_1934","bac","Bacteria","Proteobacteria","Alphaproteobacteria","Rhizobiales","Bradyrhizobiaceae","Bradyrhizobium","Bradyrhizobium sp. dw_411","bac","bac_ASV_1934"
"bac_ASV_1939","bac","Bacteria","Proteobacteria","Alphaproteobacteria","Rhizobiales","Bradyrhizobiaceae","Bradyrhizobium","Bradyrhizobium lablabi","bac","bac_ASV_1939"
"bac_ASV_1951","bac","Bacteria","Proteobacteria","Alphaproteobacteria","Rhizobiales","Phyllobacteriaceae","Mesorhizobium","Mesorhizobium camelthorni","bac","bac_ASV_1951"
"bac_ASV_1954","bac","Bacteria","Proteobacteria","Alphaproteobacteria","Rhizobiales","Phyllobacteriaceae","Mesorhizobium","Mesorhizobium australicum","bac","bac_ASV_1954"
"bac_ASV_1963","bac","Bacteria","Proteobacteria","Alphaproteobacteria","Rhizobiales","Bradyrhizobiaceae","Bradyrhizobium","Bradyrhizobium murdochi","bac","bac_ASV_1963"
"bac_ASV_1968","bac","Bacteria","Proteobacteria","Alphaproteobacteria","Rhizobiales","Devosiaceae","Devosia","Devosia oryziradicis","bac","bac_ASV_1968"
"bac_ASV_1971","bac","Bacteria","Proteobacteria","Alphaproteobacteria","Rhizobiales","Boseaceae","Bosea",NA,"bac","bac_ASV_1971"
"bac_ASV_1972","bac","Bacteria","Proteobacteria","Alphaproteobacteria","Rhizobiales","Devosiaceae","Devosia","Devosia sp. 66-22","bac","bac_ASV_1972"
"bac_ASV_1979","bac","Bacteria","Proteobacteria","Alphaproteobacteria","Rhizobiales","Hyphomicrobiaceae","Rhodomicrobium",NA,"bac","bac_ASV_1979"
"bac_ASV_1982","bac","Bacteria","Proteobacteria","Alphaproteobacteria","Rhizobiales","Methylobacteriaceae","Microvirga","Microvirga subterranea","bac","bac_ASV_1982"
"bac_ASV_1994","bac","Bacteria","Proteobacteria","Alphaproteobacteria","Rhizobiales","Hyphomicrobiaceae","Rhodoplanes","Rhodoplanes sp. Z2-YC6860","bac","bac_ASV_1994"
"bac_ASV_2000","bac","Bacteria","Proteobacteria","Alphaproteobacteria","Rhizobiales","Methylobacteriaceae","Microvirga","Microvirga sp. 3-52","bac","bac_ASV_2000"
"bac_ASV_2002","bac","Bacteria","Proteobacteria","Alphaproteobacteria","Rhizobiales","Devosiaceae","Devosia",NA,"bac","bac_ASV_2002"
"bac_ASV_2005","bac","Bacteria","Proteobacteria","Alphaproteobacteria","Rhizobiales","Bradyrhizobiaceae","Bradyrhizobium","Bradyrhizobium erythrophlei","bac","bac_ASV_2005"
"bac_ASV_2015","bac","Bacteria","Proteobacteria","Alphaproteobacteria","Rhizobiales","Rhizobiaceae","Ensifer",NA,"bac","bac_ASV_2015"
"bac_ASV_2017","bac","Bacteria","Proteobacteria","Alphaproteobacteria","Rhizobiales","Rhizobiaceae",NA,"Rhizobiaceae bacterium","bac","bac_ASV_2017"
"bac_ASV_2040","bac","Bacteria","Proteobacteria","Alphaproteobacteria","Rhizobiales","Hyphomicrobiaceae","Hyphomicrobium","Hyphomicrobium zavarzinii","bac","bac_ASV_2040"
"bac_ASV_2041","bac","Bacteria","Proteobacteria","Alphaproteobacteria","Rhizobiales","Bradyrhizobiaceae","Rhodopseudomonas","Rhodopseudomonas sp. WA056","bac","bac_ASV_2041"
"bac_ASV_2046","bac","Bacteria","Proteobacteria","Alphaproteobacteria","Rhizobiales","Devosiaceae","Devosia","Devosia sp. 66-22","bac","bac_ASV_2046"
"bac_ASV_2047","bac","Bacteria","Proteobacteria","Alphaproteobacteria","Rhizobiales","Bradyrhizobiaceae","Afipia","Afipia sp. P52-10","bac","bac_ASV_2047"
"bac_ASV_2050","bac","Bacteria","Proteobacteria","Alphaproteobacteria","Rhizobiales","Rhizobiaceae","Sinorhizobium","Sinorhizobium fredii group","bac","bac_ASV_2050"
"bac_ASV_2056","bac","Bacteria","Proteobacteria","Alphaproteobacteria","Rhizobiales","Bradyrhizobiaceae",NA,"Bradyrhizobiaceae bacterium","bac","bac_ASV_2056"
"bac_ASV_2058","bac","Bacteria","Proteobacteria","Alphaproteobacteria","Rhizobiales","Parvibaculaceae","Parvibaculum","Parvibaculum sedimenti","bac","bac_ASV_2058"
"bac_ASV_2059","bac","Bacteria","Proteobacteria","Alphaproteobacteria","Rhizobiales","Reyranellaceae","Reyranella","Reyranella massiliensis","bac","bac_ASV_2059"
"bac_ASV_2071","bac","Bacteria","Proteobacteria","Alphaproteobacteria","Rhizobiales","Devosiaceae","Devosia","Devosia oryziradicis","bac","bac_ASV_2071"
"bac_ASV_2083","bac","Bacteria","Proteobacteria","Alphaproteobacteria","Rhizobiales","Bradyrhizobiaceae","Bradyrhizobium","Bradyrhizobium murdochi","bac","bac_ASV_2083"
"bac_ASV_2097","bac","Bacteria","Proteobacteria","Alphaproteobacteria","Rhizobiales","Pseudoxanthobacteraceae","Pseudoxanthobacter","Pseudoxanthobacter soli","bac","bac_ASV_2097"
"bac_ASV_2103","bac","Bacteria","Proteobacteria","Alphaproteobacteria","Rhizobiales","Phyllobacteriaceae","Mesorhizobium","Mesorhizobium sp. YM1C-6-2","bac","bac_ASV_2103"
"bac_ASV_2104","bac","Bacteria","Proteobacteria","Alphaproteobacteria","Rhizobiales","Phyllobacteriaceae","Mesorhizobium","Mesorhizobium sp. YM1C-6-2","bac","bac_ASV_2104"
"bac_ASV_2109","bac","Bacteria","Proteobacteria","Alphaproteobacteria","Rhizobiales","Bradyrhizobiaceae","Bradyrhizobium",NA,"bac","bac_ASV_2109"
"bac_ASV_2113","bac","Bacteria","Proteobacteria","Alphaproteobacteria","Rhizobiales","Bradyrhizobiaceae","Bradyrhizobium",NA,"bac","bac_ASV_2113"
"bac_ASV_2115","bac","Bacteria","Proteobacteria","Alphaproteobacteria","Rhizobiales","Bradyrhizobiaceae","Bradyrhizobium",NA,"bac","bac_ASV_2115"
"bac_ASV_2117","bac","Bacteria","Proteobacteria","Alphaproteobacteria","Rhizobiales","Devosiaceae","Devosia","Devosia sp. LC5","bac","bac_ASV_2117"
"bac_ASV_2134","bac","Bacteria","Proteobacteria","Alphaproteobacteria","Rhizobiales","Rhizobiaceae","Sinorhizobium","Sinorhizobium sp. RAC02","bac","bac_ASV_2134"
"bac_ASV_2139","bac","Bacteria","Proteobacteria","Alphaproteobacteria","Rhizobiales","Rhizobiaceae","Sinorhizobium","Sinorhizobium fredii group","bac","bac_ASV_2139"
"bac_ASV_2159","bac","Bacteria","Proteobacteria","Alphaproteobacteria","Rhizobiales","Boseaceae","Bosea",NA,"bac","bac_ASV_2159"
"bac_ASV_2163","bac","Bacteria","Proteobacteria","Alphaproteobacteria","Rhizobiales","Phyllobacteriaceae","Phyllobacterium","Phyllobacterium bourgognense","bac","bac_ASV_2163"
"bac_ASV_2168","bac","Bacteria","Proteobacteria","Alphaproteobacteria","Rhizobiales","Rhizobiaceae","Rhizobium","Rhizobium azooxidifex","bac","bac_ASV_2168"
"bac_ASV_2173","bac","Bacteria","Proteobacteria","Alphaproteobacteria","Rhizobiales","Hyphomicrobiaceae","Methyloceanibacter","Methyloceanibacter superfactus","bac","bac_ASV_2173"
"bac_ASV_2178","bac","Bacteria","Proteobacteria","Alphaproteobacteria","Rhizobiales","Bradyrhizobiaceae","Afipia","Afipia sp. P52-10","bac","bac_ASV_2178"
"bac_ASV_2181","bac","Bacteria","Proteobacteria","Alphaproteobacteria","Rhizobiales","Bradyrhizobiaceae","Bradyrhizobium",NA,"bac","bac_ASV_2181"
"bac_ASV_2183","bac","Bacteria","Proteobacteria","Alphaproteobacteria","Rhizobiales","Devosiaceae","Devosia","Devosia sp. 66-22","bac","bac_ASV_2183"
"bac_ASV_2190","bac","Bacteria","Proteobacteria","Alphaproteobacteria","Rhizobiales","Hyphomicrobiaceae","Hyphomicrobium","Hyphomicrobium sp. CS1BSMeth3","bac","bac_ASV_2190"
"bac_ASV_2193","bac","Bacteria","Proteobacteria","Alphaproteobacteria","Rhizobiales","Devosiaceae","Devosia","Devosia sp. 66-22","bac","bac_ASV_2193"
"bac_ASV_2198","bac","Bacteria","Proteobacteria","Alphaproteobacteria","Rhizobiales","Rhizobiaceae","Neorhizobium","Neorhizobium sp. T25_13","bac","bac_ASV_2198"
"bac_ASV_2199","bac","Bacteria","Proteobacteria","Alphaproteobacteria","Rhizobiales","Rhizobiaceae",NA,"Rhizobiaceae bacterium","bac","bac_ASV_2199"
"bac_ASV_2210","bac","Bacteria","Proteobacteria","Alphaproteobacteria","Rhizobiales",NA,"Pseudorhodoplanes","Pseudorhodoplanes sinuspersici","bac","bac_ASV_2210"
"bac_ASV_2221","bac","Bacteria","Proteobacteria","Alphaproteobacteria","Rhizobiales","Devosiaceae","Devosia","Devosia sp. A16","bac","bac_ASV_2221"
"bac_ASV_2232","bac","Bacteria","Proteobacteria","Alphaproteobacteria","Rhizobiales","Devosiaceae","Devosia","Devosia sp. 66-22","bac","bac_ASV_2232"
"bac_ASV_2258","bac","Bacteria","Proteobacteria","Alphaproteobacteria","Rhizobiales","Methylobacteriaceae","Microvirga","Microvirga soli","bac","bac_ASV_2258"
"bac_ASV_2259","bac","Bacteria","Proteobacteria","Alphaproteobacteria","Rhizobiales","Phyllobacteriaceae","Mesorhizobium","Mesorhizobium sp. YM1C-6-2","bac","bac_ASV_2259"
"bac_ASV_2261","bac","Bacteria","Proteobacteria","Alphaproteobacteria","Rhizobiales","Phyllobacteriaceae","Mesorhizobium","Mesorhizobium alhagi","bac","bac_ASV_2261"
"bac_ASV_2268","bac","Bacteria","Proteobacteria","Alphaproteobacteria","Rhizobiales","Rhizobiaceae","Neorhizobium","Neorhizobium alkalisoli","bac","bac_ASV_2268"
"bac_ASV_2270","bac","Bacteria","Proteobacteria","Alphaproteobacteria","Rhizobiales","Phyllobacteriaceae","Mesorhizobium","Mesorhizobium australicum","bac","bac_ASV_2270"
"bac_ASV_2272","bac","Bacteria","Proteobacteria","Alphaproteobacteria","Rhizobiales","Methylobacteriaceae","Microvirga","Microvirga sp. HBU67558","bac","bac_ASV_2272"
"bac_ASV_2279","bac","Bacteria","Proteobacteria","Alphaproteobacteria","Rhizobiales","Phyllobacteriaceae","Mesorhizobium","Mesorhizobium alhagi","bac","bac_ASV_2279"
"bac_ASV_2298","bac","Bacteria","Proteobacteria","Alphaproteobacteria","Rhizobiales","Rhizobiaceae","Rhizobium","Rhizobium sp. BK379","bac","bac_ASV_2298"
"bac_ASV_2300","bac","Bacteria","Proteobacteria","Alphaproteobacteria","Rhizobiales",NA,"Pseudorhodoplanes","Pseudorhodoplanes sinuspersici","bac","bac_ASV_2300"
"bac_ASV_2317","bac","Bacteria","Proteobacteria","Alphaproteobacteria","Rhizobiales","Bradyrhizobiaceae","Bradyrhizobium","Bradyrhizobium lablabi","bac","bac_ASV_2317"
"bac_ASV_2319","bac","Bacteria","Proteobacteria","Alphaproteobacteria","Rhizobiales",NA,"Pseudorhodoplanes","Pseudorhodoplanes sinuspersici","bac","bac_ASV_2319"
"bac_ASV_269","bac","Bacteria","Proteobacteria","Alphaproteobacteria","Rhizobiales","Rhizobiaceae","Rhizobium","Rhizobium sp. BK377","bac","bac_ASV_269"
"bac_ASV_2694","bac","Bacteria","Proteobacteria","Alphaproteobacteria","Rhizobiales","Boseaceae","Bosea",NA,"bac","bac_ASV_2694"
"bac_ASV_2707","bac","Bacteria","Proteobacteria","Alphaproteobacteria","Rhizobiales","Bradyrhizobiaceae","Nitrobacter","Nitrobacter sp. 62-23","bac","bac_ASV_2707"
"bac_ASV_2710","bac","Bacteria","Proteobacteria","Alphaproteobacteria","Rhizobiales","Devosiaceae","Devosia","Devosia sp. SL43","bac","bac_ASV_2710"
"bac_ASV_2713","bac","Bacteria","Proteobacteria","Alphaproteobacteria","Rhizobiales","Phyllobacteriaceae","Phyllobacterium","Phyllobacterium bourgognense","bac","bac_ASV_2713"
"bac_ASV_2719","bac","Bacteria","Proteobacteria","Alphaproteobacteria","Rhizobiales","Rhizobiaceae",NA,"Rhizobiaceae bacterium","bac","bac_ASV_2719"
"bac_ASV_272","bac","Bacteria","Proteobacteria","Alphaproteobacteria","Rhizobiales","Bradyrhizobiaceae","Bradyrhizobium",NA,"bac","bac_ASV_272"
"bac_ASV_2724","bac","Bacteria","Proteobacteria","Alphaproteobacteria","Rhizobiales","Bradyrhizobiaceae","Bradyrhizobium","Bradyrhizobium murdochi","bac","bac_ASV_2724"
"bac_ASV_2731","bac","Bacteria","Proteobacteria","Alphaproteobacteria","Rhizobiales","Methylobacteriaceae","Microvirga","Microvirga lupini","bac","bac_ASV_2731"
"bac_ASV_2737","bac","Bacteria","Proteobacteria","Alphaproteobacteria","Rhizobiales","Boseaceae","Bosea","Bosea sp. Tri-44","bac","bac_ASV_2737"
"bac_ASV_2738","bac","Bacteria","Proteobacteria","Alphaproteobacteria","Rhizobiales","Bradyrhizobiaceae","Bradyrhizobium",NA,"bac","bac_ASV_2738"
"bac_ASV_2739","bac","Bacteria","Proteobacteria","Alphaproteobacteria","Rhizobiales","Hyphomicrobiaceae","Hyphomicrobium","Hyphomicrobium album","bac","bac_ASV_2739"
"bac_ASV_2743","bac","Bacteria","Proteobacteria","Alphaproteobacteria","Rhizobiales","Hyphomicrobiaceae",NA,"Hyphomicrobiaceae bacterium","bac","bac_ASV_2743"
"bac_ASV_2753","bac","Bacteria","Proteobacteria","Alphaproteobacteria","Rhizobiales","Aestuariivirgaceae","Aestuariivirga","Aestuariivirga litoralis","bac","bac_ASV_2753"
"bac_ASV_2760","bac","Bacteria","Proteobacteria","Alphaproteobacteria","Rhizobiales","Phyllobacteriaceae","Nitratireductor","Nitratireductor sp. SY7","bac","bac_ASV_2760"
"bac_ASV_2765","bac","Bacteria","Proteobacteria","Alphaproteobacteria","Rhizobiales","Methylobacteriaceae","Microvirga","Microvirga sp. SM9","bac","bac_ASV_2765"
"bac_ASV_2772","bac","Bacteria","Proteobacteria","Alphaproteobacteria","Rhizobiales","Rhizobiaceae","Rhizobium","Rhizobium sp. GN54","bac","bac_ASV_2772"
"bac_ASV_2787","bac","Bacteria","Proteobacteria","Alphaproteobacteria","Rhizobiales","Rhizobiaceae","Rhizobium",NA,"bac","bac_ASV_2787"
"bac_ASV_2799","bac","Bacteria","Proteobacteria","Alphaproteobacteria","Rhizobiales","Devosiaceae","Devosia","Devosia sp. SL43","bac","bac_ASV_2799"
"bac_ASV_2800","bac","Bacteria","Proteobacteria","Alphaproteobacteria","Rhizobiales","Devosiaceae","Devosia","Devosia sp. 66-22","bac","bac_ASV_2800"
"bac_ASV_2804","bac","Bacteria","Proteobacteria","Alphaproteobacteria","Rhizobiales","Bradyrhizobiaceae",NA,"Bradyrhizobiaceae bacterium","bac","bac_ASV_2804"
"bac_ASV_2830","bac","Bacteria","Proteobacteria","Alphaproteobacteria","Rhizobiales","Hyphomicrobiaceae","Hyphomicrobium","Hyphomicrobium zavarzinii","bac","bac_ASV_2830"
"bac_ASV_2853","bac","Bacteria","Proteobacteria","Alphaproteobacteria","Rhizobiales","Devosiaceae","Devosia","Devosia sp. 66-22","bac","bac_ASV_2853"
"bac_ASV_2857","bac","Bacteria","Proteobacteria","Alphaproteobacteria","Rhizobiales","Devosiaceae","Devosia","Devosia marina","bac","bac_ASV_2857"
"bac_ASV_2869","bac","Bacteria","Proteobacteria","Alphaproteobacteria","Rhizobiales",NA,NA,"Hyphomicrobiales bacterium","bac","bac_ASV_2869"
"bac_ASV_2877","bac","Bacteria","Proteobacteria","Alphaproteobacteria","Rhizobiales","Pleomorphomonadaceae",NA,NA,"bac","bac_ASV_2877"
"bac_ASV_2881","bac","Bacteria","Proteobacteria","Alphaproteobacteria","Rhizobiales","Phyllobacteriaceae","Mesorhizobium","Mesorhizobium sp. YM1C-6-2","bac","bac_ASV_2881"
"bac_ASV_2893","bac","Bacteria","Proteobacteria","Alphaproteobacteria","Rhizobiales","Phyllobacteriaceae","Pseudaminobacter","Pseudaminobacter arsenicus","bac","bac_ASV_2893"
"bac_ASV_2945","bac","Bacteria","Proteobacteria","Alphaproteobacteria","Rhizobiales","Phyllobacteriaceae","Aminobacter","Aminobacter niigataensis","bac","bac_ASV_2945"
"bac_ASV_2963","bac","Bacteria","Proteobacteria","Alphaproteobacteria","Rhizobiales","Rhizobiaceae","Rhizobium","Rhizobium sp. GN54","bac","bac_ASV_2963"
"bac_ASV_2974","bac","Bacteria","Proteobacteria","Alphaproteobacteria","Rhizobiales","Rhizobiaceae","Rhizobium","Rhizobium sp. GN54","bac","bac_ASV_2974"
"bac_ASV_2984","bac","Bacteria","Proteobacteria","Alphaproteobacteria","Rhizobiales","Bradyrhizobiaceae",NA,NA,"bac","bac_ASV_2984"
"bac_ASV_2996","bac","Bacteria","Proteobacteria","Alphaproteobacteria","Rhizobiales","Bradyrhizobiaceae","Rhodopseudomonas","Rhodopseudomonas sp. WA056","bac","bac_ASV_2996"
"bac_ASV_300","bac","Bacteria","Proteobacteria","Alphaproteobacteria","Rhizobiales",NA,"Pseudorhodoplanes","Pseudorhodoplanes sinuspersici","bac","bac_ASV_300"
"bac_ASV_3002","bac","Bacteria","Proteobacteria","Alphaproteobacteria","Rhizobiales","Rhizobiaceae","Rhizobium","Rhizobium sp. BK379","bac","bac_ASV_3002"
"bac_ASV_3004","bac","Bacteria","Proteobacteria","Alphaproteobacteria","Rhizobiales","Rhizobiaceae","Rhizobium","Rhizobium sp. GN54","bac","bac_ASV_3004"
"bac_ASV_3005","bac","Bacteria","Proteobacteria","Alphaproteobacteria","Rhizobiales","Rhizobiaceae","Pararhizobium","Pararhizobium haloflavum","bac","bac_ASV_3005"
"bac_ASV_3015","bac","Bacteria","Proteobacteria","Alphaproteobacteria","Rhizobiales","Devosiaceae","Devosia","Devosia sp. 66-22","bac","bac_ASV_3015"
"bac_ASV_3019","bac","Bacteria","Proteobacteria","Alphaproteobacteria","Rhizobiales","Rhizobiaceae","Ensifer",NA,"bac","bac_ASV_3019"
"bac_ASV_3029","bac","Bacteria","Proteobacteria","Alphaproteobacteria","Rhizobiales","Rhizobiaceae","Rhizobium","Rhizobium sp. GN54","bac","bac_ASV_3029"
"bac_ASV_303","bac","Bacteria","Proteobacteria","Alphaproteobacteria","Rhizobiales","Devosiaceae","Devosia",NA,"bac","bac_ASV_303"
"bac_ASV_3046","bac","Bacteria","Proteobacteria","Alphaproteobacteria","Rhizobiales","Hyphomicrobiaceae",NA,"Hyphomicrobiaceae bacterium","bac","bac_ASV_3046"
"bac_ASV_3056","bac","Bacteria","Proteobacteria","Alphaproteobacteria","Rhizobiales","Devosiaceae","Devosia",NA,"bac","bac_ASV_3056"
"bac_ASV_3057","bac","Bacteria","Proteobacteria","Alphaproteobacteria","Rhizobiales",NA,"Terrihabitans","Terrihabitans soli","bac","bac_ASV_3057"
"bac_ASV_3061","bac","Bacteria","Proteobacteria","Alphaproteobacteria","Rhizobiales","Hyphomicrobiaceae","Rhodomicrobium",NA,"bac","bac_ASV_3061"
"bac_ASV_3063","bac","Bacteria","Proteobacteria","Alphaproteobacteria","Rhizobiales","Boseaceae","Bosea",NA,"bac","bac_ASV_3063"
"bac_ASV_3077","bac","Bacteria","Proteobacteria","Alphaproteobacteria","Rhizobiales","Hyphomicrobiaceae","Hyphomicrobium","Hyphomicrobium sp. CS1BSMeth3","bac","bac_ASV_3077"
"bac_ASV_308","bac","Bacteria","Proteobacteria","Alphaproteobacteria","Rhizobiales","Bradyrhizobiaceae","Bradyrhizobium","Bradyrhizobium murdochi","bac","bac_ASV_308"
"bac_ASV_3085","bac","Bacteria","Proteobacteria","Alphaproteobacteria","Rhizobiales","Phyllobacteriaceae","Mesorhizobium","Mesorhizobium camelthorni","bac","bac_ASV_3085"
"bac_ASV_3086","bac","Bacteria","Proteobacteria","Alphaproteobacteria","Rhizobiales","Devosiaceae","Devosia",NA,"bac","bac_ASV_3086"
"bac_ASV_3093","bac","Bacteria","Proteobacteria","Alphaproteobacteria","Rhizobiales","Bradyrhizobiaceae",NA,"Bradyrhizobiaceae bacterium","bac","bac_ASV_3093"
"bac_ASV_3113","bac","Bacteria","Proteobacteria","Alphaproteobacteria","Rhizobiales","Bradyrhizobiaceae","Bradyrhizobium","Bradyrhizobium murdochi","bac","bac_ASV_3113"
"bac_ASV_3115","bac","Bacteria","Proteobacteria","Alphaproteobacteria","Rhizobiales","Rhizobiaceae","Rhizobium","Rhizobium azooxidifex","bac","bac_ASV_3115"
"bac_ASV_3119","bac","Bacteria","Proteobacteria","Alphaproteobacteria","Rhizobiales","Rhizobiaceae","Rhizobium","Rhizobium arenae","bac","bac_ASV_3119"
"bac_ASV_312","bac","Bacteria","Proteobacteria","Alphaproteobacteria","Rhizobiales","Xanthobacteraceae","Pseudolabrys","Pseudolabrys taiwanensis","bac","bac_ASV_312"
"bac_ASV_3133","bac","Bacteria","Proteobacteria","Alphaproteobacteria","Rhizobiales","Xanthobacteraceae","Pseudolabrys","Pseudolabrys sp. GY_H","bac","bac_ASV_3133"
"bac_ASV_315","bac","Bacteria","Proteobacteria","Alphaproteobacteria","Rhizobiales","Devosiaceae","Devosia","Devosia sp. 66-22","bac","bac_ASV_315"
"bac_ASV_3151","bac","Bacteria","Proteobacteria","Alphaproteobacteria","Rhizobiales",NA,"Pseudorhodoplanes","Pseudorhodoplanes sinuspersici","bac","bac_ASV_3151"
"bac_ASV_3152","bac","Bacteria","Proteobacteria","Alphaproteobacteria","Rhizobiales","Hyphomicrobiaceae",NA,"Hyphomicrobiaceae bacterium","bac","bac_ASV_3152"
"bac_ASV_3153","bac","Bacteria","Proteobacteria","Alphaproteobacteria","Rhizobiales","Hyphomicrobiaceae","Hyphomicrobium","Hyphomicrobium sp. CS1BSMeth3","bac","bac_ASV_3153"
"bac_ASV_316","bac","Bacteria","Proteobacteria","Alphaproteobacteria","Rhizobiales","Devosiaceae","Devosia","Devosia sp. LC5","bac","bac_ASV_316"
"bac_ASV_3164","bac","Bacteria","Proteobacteria","Alphaproteobacteria","Rhizobiales","Devosiaceae","Devosia","Devosia oryziradicis","bac","bac_ASV_3164"
"bac_ASV_317","bac","Bacteria","Proteobacteria","Alphaproteobacteria","Rhizobiales","Hyphomicrobiaceae",NA,"Hyphomicrobiaceae bacterium","bac","bac_ASV_317"
"bac_ASV_3177","bac","Bacteria","Proteobacteria","Alphaproteobacteria","Rhizobiales","Hyphomicrobiaceae","Hyphomicrobium","Hyphomicrobium sp. CS1BSMeth3","bac","bac_ASV_3177"
"bac_ASV_3178","bac","Bacteria","Proteobacteria","Alphaproteobacteria","Rhizobiales","Devosiaceae","Devosia","Devosia marina","bac","bac_ASV_3178"
"bac_ASV_3189","bac","Bacteria","Proteobacteria","Alphaproteobacteria","Rhizobiales",NA,"Pseudorhodoplanes","Pseudorhodoplanes sinuspersici","bac","bac_ASV_3189"
"bac_ASV_319","bac","Bacteria","Proteobacteria","Alphaproteobacteria","Rhizobiales","Rhizobiaceae","Rhizobium","Rhizobium sp. GN54","bac","bac_ASV_319"
"bac_ASV_328","bac","Bacteria","Proteobacteria","Alphaproteobacteria","Rhizobiales","Devosiaceae","Devosia","Devosia sp. 66-22","bac","bac_ASV_328"
"bac_ASV_329","bac","Bacteria","Proteobacteria","Alphaproteobacteria","Rhizobiales","Rhizobiaceae","Sinorhizobium","Sinorhizobium meliloti","bac","bac_ASV_329"
"bac_ASV_332","bac","Bacteria","Proteobacteria","Alphaproteobacteria","Rhizobiales","Xanthobacteraceae","Pseudolabrys","Pseudolabrys taiwanensis","bac","bac_ASV_332"
"bac_ASV_335","bac","Bacteria","Proteobacteria","Alphaproteobacteria","Rhizobiales","Rhizobiaceae","Ensifer","Ensifer sp. WSM1721","bac","bac_ASV_335"
"bac_ASV_337","bac","Bacteria","Proteobacteria","Alphaproteobacteria","Rhizobiales","Bradyrhizobiaceae","Bradyrhizobium","Bradyrhizobium murdochi","bac","bac_ASV_337"
"bac_ASV_341","bac","Bacteria","Proteobacteria","Alphaproteobacteria","Rhizobiales","Bradyrhizobiaceae","Bradyrhizobium",NA,"bac","bac_ASV_341"
"bac_ASV_348","bac","Bacteria","Proteobacteria","Alphaproteobacteria","Rhizobiales","Hyphomicrobiaceae","Rhodoplanes","Rhodoplanes sp. Z2-YC6860","bac","bac_ASV_348"
"bac_ASV_353","bac","Bacteria","Proteobacteria","Alphaproteobacteria","Rhizobiales","Rhizobiaceae","Neorhizobium","Neorhizobium sp. T25_13","bac","bac_ASV_353"
"bac_ASV_356","bac","Bacteria","Proteobacteria","Alphaproteobacteria","Rhizobiales","Devosiaceae","Devosia","Devosia sp. 66-22","bac","bac_ASV_356"
"bac_ASV_3599","bac","Bacteria","Proteobacteria","Alphaproteobacteria","Rhizobiales","Rhizobiaceae","Rhizobium",NA,"bac","bac_ASV_3599"
"bac_ASV_3612","bac","Bacteria","Proteobacteria","Alphaproteobacteria","Rhizobiales","Hyphomicrobiaceae","Hyphomicrobium","Hyphomicrobium sp. CS1BSMeth3","bac","bac_ASV_3612"
"bac_ASV_3631","bac","Bacteria","Proteobacteria","Alphaproteobacteria","Rhizobiales",NA,"Pseudorhodoplanes","Pseudorhodoplanes sinuspersici","bac","bac_ASV_3631"
"bac_ASV_3636","bac","Bacteria","Proteobacteria","Alphaproteobacteria","Rhizobiales","Phyllobacteriaceae","Phyllobacterium","Phyllobacterium bourgognense","bac","bac_ASV_3636"
"bac_ASV_365","bac","Bacteria","Proteobacteria","Alphaproteobacteria","Rhizobiales","Bradyrhizobiaceae","Bradyrhizobium",NA,"bac","bac_ASV_365"
"bac_ASV_3657","bac","Bacteria","Proteobacteria","Alphaproteobacteria","Rhizobiales","Devosiaceae","Pelagibacterium","Pelagibacterium limicola","bac","bac_ASV_3657"
"bac_ASV_366","bac","Bacteria","Proteobacteria","Alphaproteobacteria","Rhizobiales","Bradyrhizobiaceae","Bradyrhizobium","Bradyrhizobium murdochi","bac","bac_ASV_366"
"bac_ASV_3661","bac","Bacteria","Proteobacteria","Alphaproteobacteria","Rhizobiales","Rhizobiaceae","Rhizobium","Rhizobium sp. BG4","bac","bac_ASV_3661"
"bac_ASV_3662","bac","Bacteria","Proteobacteria","Alphaproteobacteria","Rhizobiales","Phyllobacteriaceae","Mesorhizobium","Mesorhizobium albiziae","bac","bac_ASV_3662"
"bac_ASV_367","bac","Bacteria","Proteobacteria","Alphaproteobacteria","Rhizobiales",NA,"Pseudorhodoplanes","Pseudorhodoplanes sinuspersici","bac","bac_ASV_367"
"bac_ASV_3678","bac","Bacteria","Proteobacteria","Alphaproteobacteria","Rhizobiales",NA,"Pseudorhodoplanes","Pseudorhodoplanes sinuspersici","bac","bac_ASV_3678"
"bac_ASV_3679","bac","Bacteria","Proteobacteria","Alphaproteobacteria","Rhizobiales","Devosiaceae","Devosia","Devosia oryziradicis","bac","bac_ASV_3679"
"bac_ASV_3680","bac","Bacteria","Proteobacteria","Alphaproteobacteria","Rhizobiales","Rhizobiaceae","Rhizobium","Rhizobium arenae","bac","bac_ASV_3680"
"bac_ASV_3689","bac","Bacteria","Proteobacteria","Alphaproteobacteria","Rhizobiales","Rhizobiaceae","Rhizobium","Rhizobium sp. NFR07","bac","bac_ASV_3689"
"bac_ASV_3707","bac","Bacteria","Proteobacteria","Alphaproteobacteria","Rhizobiales","Phyllobacteriaceae","Mesorhizobium","Mesorhizobium sp. YM1C-6-2","bac","bac_ASV_3707"
"bac_ASV_371","bac","Bacteria","Proteobacteria","Alphaproteobacteria","Rhizobiales","Rhizobiaceae",NA,"Rhizobiaceae bacterium","bac","bac_ASV_371"
"bac_ASV_3729","bac","Bacteria","Proteobacteria","Alphaproteobacteria","Rhizobiales","Phyllobacteriaceae","Mesorhizobium","Mesorhizobium sp. YM1C-6-2","bac","bac_ASV_3729"
"bac_ASV_3732","bac","Bacteria","Proteobacteria","Alphaproteobacteria","Rhizobiales","Hyphomicrobiaceae","Hyphomicrobium","Hyphomicrobium sp. CS1BSMeth3","bac","bac_ASV_3732"
"bac_ASV_3744","bac","Bacteria","Proteobacteria","Alphaproteobacteria","Rhizobiales","Bradyrhizobiaceae","Bradyrhizobium",NA,"bac","bac_ASV_3744"
"bac_ASV_3762","bac","Bacteria","Proteobacteria","Alphaproteobacteria","Rhizobiales","Phyllobacteriaceae","Mesorhizobium","Mesorhizobium amorphae","bac","bac_ASV_3762"
"bac_ASV_3767","bac","Bacteria","Proteobacteria","Alphaproteobacteria","Rhizobiales","Devosiaceae","Devosia","Devosia sp. A16","bac","bac_ASV_3767"
"bac_ASV_379","bac","Bacteria","Proteobacteria","Alphaproteobacteria","Rhizobiales","Phyllobacteriaceae","Mesorhizobium","Mesorhizobium alhagi","bac","bac_ASV_379"
"bac_ASV_3791","bac","Bacteria","Proteobacteria","Alphaproteobacteria","Rhizobiales","Rhizobiaceae",NA,"Rhizobiaceae bacterium","bac","bac_ASV_3791"
"bac_ASV_381","bac","Bacteria","Proteobacteria","Alphaproteobacteria","Rhizobiales","Hyphomicrobiaceae","Rhodoplanes","Rhodoplanes sp. Z2-YC6860","bac","bac_ASV_381"
"bac_ASV_3815","bac","Bacteria","Proteobacteria","Alphaproteobacteria","Rhizobiales","Devosiaceae","Devosia","Devosia marina","bac","bac_ASV_3815"
"bac_ASV_3818","bac","Bacteria","Proteobacteria","Alphaproteobacteria","Rhizobiales","Bradyrhizobiaceae",NA,"Bradyrhizobiaceae bacterium","bac","bac_ASV_3818"
"bac_ASV_382","bac","Bacteria","Proteobacteria","Alphaproteobacteria","Rhizobiales","Rhizobiaceae","Ensifer","Ensifer sp. WSM1721","bac","bac_ASV_382"
"bac_ASV_3830","bac","Bacteria","Proteobacteria","Alphaproteobacteria","Rhizobiales","Xanthobacteraceae",NA,"Xanthobacteraceae bacterium","bac","bac_ASV_3830"
"bac_ASV_3840","bac","Bacteria","Proteobacteria","Alphaproteobacteria","Rhizobiales",NA,NA,"Hyphomicrobiales bacterium","bac","bac_ASV_3840"
"bac_ASV_385","bac","Bacteria","Proteobacteria","Alphaproteobacteria","Rhizobiales","Phyllobacteriaceae","Oryzicola","Oryzicola mucosus","bac","bac_ASV_385"
"bac_ASV_386","bac","Bacteria","Proteobacteria","Alphaproteobacteria","Rhizobiales","Phyllobacteriaceae","Oryzicola","Oryzicola mucosus","bac","bac_ASV_386"
"bac_ASV_3902","bac","Bacteria","Proteobacteria","Alphaproteobacteria","Rhizobiales","Rhizobiaceae","Rhizobium","Rhizobium sp. GN54","bac","bac_ASV_3902"
"bac_ASV_396","bac","Bacteria","Proteobacteria","Alphaproteobacteria","Rhizobiales","Devosiaceae","Devosia","Devosia sp. A16","bac","bac_ASV_396"
"bac_ASV_3963","bac","Bacteria","Proteobacteria","Alphaproteobacteria","Rhizobiales","Bradyrhizobiaceae",NA,"Bradyrhizobiaceae bacterium","bac","bac_ASV_3963"
"bac_ASV_397","bac","Bacteria","Proteobacteria","Alphaproteobacteria","Rhizobiales","Bradyrhizobiaceae","Afipia","Afipia sp. P52-10","bac","bac_ASV_397"
"bac_ASV_3974","bac","Bacteria","Proteobacteria","Alphaproteobacteria","Rhizobiales","Bradyrhizobiaceae","Bradyrhizobium","Bradyrhizobium erythrophlei","bac","bac_ASV_3974"
"bac_ASV_3977","bac","Bacteria","Proteobacteria","Alphaproteobacteria","Rhizobiales","Rhizobiaceae","Rhizobium","Rhizobium sp. BK379","bac","bac_ASV_3977"
"bac_ASV_3985","bac","Bacteria","Proteobacteria","Alphaproteobacteria","Rhizobiales","Bradyrhizobiaceae",NA,"Bradyrhizobiaceae bacterium","bac","bac_ASV_3985"
"bac_ASV_4009","bac","Bacteria","Proteobacteria","Alphaproteobacteria","Rhizobiales","Xanthobacteraceae","Ancylobacter","Ancylobacter defluvii","bac","bac_ASV_4009"
"bac_ASV_4019","bac","Bacteria","Proteobacteria","Alphaproteobacteria","Rhizobiales","Bradyrhizobiaceae","Bradyrhizobium","Bradyrhizobium lablabi","bac","bac_ASV_4019"
"bac_ASV_4031","bac","Bacteria","Proteobacteria","Alphaproteobacteria","Rhizobiales","Devosiaceae","Devosia","Devosia ginsengisoli","bac","bac_ASV_4031"
"bac_ASV_4034","bac","Bacteria","Proteobacteria","Alphaproteobacteria","Rhizobiales","Rhizobiaceae","Sinorhizobium","Sinorhizobium fredii group","bac","bac_ASV_4034"
"bac_ASV_404","bac","Bacteria","Proteobacteria","Alphaproteobacteria","Rhizobiales","Rhizobiaceae","Rhizobium","Rhizobium yanglingense","bac","bac_ASV_404"
"bac_ASV_4040","bac","Bacteria","Proteobacteria","Alphaproteobacteria","Rhizobiales","Reyranellaceae","Reyranella","Reyranella sp.","bac","bac_ASV_4040"
"bac_ASV_4051","bac","Bacteria","Proteobacteria","Alphaproteobacteria","Rhizobiales","Xanthobacteraceae",NA,"Xanthobacteraceae bacterium","bac","bac_ASV_4051"
"bac_ASV_409","bac","Bacteria","Proteobacteria","Alphaproteobacteria","Rhizobiales","Rhizobiaceae","Rhizobium","Rhizobium sp. BG4","bac","bac_ASV_409"
"bac_ASV_4091","bac","Bacteria","Proteobacteria","Alphaproteobacteria","Rhizobiales","Hyphomicrobiaceae","Methyloceanibacter","Methyloceanibacter superfactus","bac","bac_ASV_4091"
"bac_ASV_410","bac","Bacteria","Proteobacteria","Alphaproteobacteria","Rhizobiales","Bradyrhizobiaceae","Bradyrhizobium","Bradyrhizobium murdochi","bac","bac_ASV_410"
"bac_ASV_431","bac","Bacteria","Proteobacteria","Alphaproteobacteria","Rhizobiales","Devosiaceae","Devosia","Devosia sp. 66-22","bac","bac_ASV_431"
"bac_ASV_436","bac","Bacteria","Proteobacteria","Alphaproteobacteria","Rhizobiales","Devosiaceae","Devosia","Devosia sp. SL43","bac","bac_ASV_436"
"bac_ASV_440","bac","Bacteria","Proteobacteria","Alphaproteobacteria","Rhizobiales","Rhizobiaceae","Rhizobium","Rhizobium yanglingense","bac","bac_ASV_440"
"bac_ASV_442","bac","Bacteria","Proteobacteria","Alphaproteobacteria","Rhizobiales","Devosiaceae","Devosia","Devosia sp. 66-22","bac","bac_ASV_442"
"bac_ASV_448","bac","Bacteria","Proteobacteria","Alphaproteobacteria","Rhizobiales",NA,"Pseudorhodoplanes","Pseudorhodoplanes sinuspersici","bac","bac_ASV_448"
"bac_ASV_4494","bac","Bacteria","Proteobacteria","Alphaproteobacteria","Rhizobiales","Phyllobacteriaceae","Aquamicrobium","Aquamicrobium sp. LC103","bac","bac_ASV_4494"
"bac_ASV_4514","bac","Bacteria","Proteobacteria","Alphaproteobacteria","Rhizobiales","Rhizobiaceae","Rhizobium","Rhizobium sp. GN54","bac","bac_ASV_4514"
"bac_ASV_4522","bac","Bacteria","Proteobacteria","Alphaproteobacteria","Rhizobiales","Devosiaceae","Devosia",NA,"bac","bac_ASV_4522"
"bac_ASV_455","bac","Bacteria","Proteobacteria","Alphaproteobacteria","Rhizobiales","Devosiaceae","Devosia","Devosia sp. LC5","bac","bac_ASV_455"
"bac_ASV_4562","bac","Bacteria","Proteobacteria","Alphaproteobacteria","Rhizobiales","Methylocystaceae","Hansschlegelia","Hansschlegelia zhihuaiae","bac","bac_ASV_4562"
"bac_ASV_458","bac","Bacteria","Proteobacteria","Alphaproteobacteria","Rhizobiales","Bradyrhizobiaceae","Bradyrhizobium","Bradyrhizobium murdochi","bac","bac_ASV_458"
"bac_ASV_459","bac","Bacteria","Proteobacteria","Alphaproteobacteria","Rhizobiales","Boseaceae","Bosea","Bosea vestrisii","bac","bac_ASV_459"
"bac_ASV_4623","bac","Bacteria","Proteobacteria","Alphaproteobacteria","Rhizobiales","Rhizobiaceae","Rhizobium",NA,"bac","bac_ASV_4623"
"bac_ASV_4633","bac","Bacteria","Proteobacteria","Alphaproteobacteria","Rhizobiales","Rhizobiaceae","Rhizobium","Rhizobium azooxidifex","bac","bac_ASV_4633"
"bac_ASV_4640","bac","Bacteria","Proteobacteria","Alphaproteobacteria","Rhizobiales","Rhizobiaceae",NA,"Rhizobiaceae bacterium","bac","bac_ASV_4640"
"bac_ASV_465","bac","Bacteria","Proteobacteria","Alphaproteobacteria","Rhizobiales","Rhizobiaceae",NA,"Rhizobiaceae bacterium","bac","bac_ASV_465"
"bac_ASV_4672","bac","Bacteria","Proteobacteria","Alphaproteobacteria","Rhizobiales","Hyphomicrobiaceae","Hyphomicrobium","Hyphomicrobium sp. SCN 65-11","bac","bac_ASV_4672"
"bac_ASV_468","bac","Bacteria","Proteobacteria","Alphaproteobacteria","Rhizobiales","Bradyrhizobiaceae","Bradyrhizobium",NA,"bac","bac_ASV_468"
"bac_ASV_470","bac","Bacteria","Proteobacteria","Alphaproteobacteria","Rhizobiales","Rhizobiaceae","Rhizobium","Rhizobium sp. AQ_MP","bac","bac_ASV_470"
"bac_ASV_4706","bac","Bacteria","Proteobacteria","Alphaproteobacteria","Rhizobiales","Bradyrhizobiaceae","Bradyrhizobium","Bradyrhizobium murdochi","bac","bac_ASV_4706"
"bac_ASV_4732","bac","Bacteria","Proteobacteria","Alphaproteobacteria","Rhizobiales","Hyphomicrobiaceae","Hyphomicrobium","Hyphomicrobium sp. SCN 65-11","bac","bac_ASV_4732"
"bac_ASV_4733","bac","Bacteria","Proteobacteria","Alphaproteobacteria","Rhizobiales","Rhizobiaceae","Rhizobium",NA,"bac","bac_ASV_4733"
"bac_ASV_4738","bac","Bacteria","Proteobacteria","Alphaproteobacteria","Rhizobiales","Methylobacteriaceae","Microvirga","Microvirga sp. HBU67558","bac","bac_ASV_4738"
"bac_ASV_4742","bac","Bacteria","Proteobacteria","Alphaproteobacteria","Rhizobiales","Bradyrhizobiaceae","Bradyrhizobium",NA,"bac","bac_ASV_4742"
"bac_ASV_4746","bac","Bacteria","Proteobacteria","Alphaproteobacteria","Rhizobiales","Reyranellaceae","Reyranella","Reyranella massiliensis","bac","bac_ASV_4746"
"bac_ASV_4768","bac","Bacteria","Proteobacteria","Alphaproteobacteria","Rhizobiales","Bradyrhizobiaceae","Bradyrhizobium","Bradyrhizobium murdochi","bac","bac_ASV_4768"
"bac_ASV_479","bac","Bacteria","Proteobacteria","Alphaproteobacteria","Rhizobiales","Devosiaceae","Devosia","Devosia sp. 66-22","bac","bac_ASV_479"
"bac_ASV_4790","bac","Bacteria","Proteobacteria","Alphaproteobacteria","Rhizobiales","Hyphomicrobiaceae","Methyloceanibacter","Methyloceanibacter superfactus","bac","bac_ASV_4790"
"bac_ASV_4792","bac","Bacteria","Proteobacteria","Alphaproteobacteria","Rhizobiales","Devosiaceae","Devosia","Devosia sp. LC5","bac","bac_ASV_4792"
"bac_ASV_4802","bac","Bacteria","Proteobacteria","Alphaproteobacteria","Rhizobiales","Rhizobiaceae","Rhizobium","Rhizobium sp. AC44/96","bac","bac_ASV_4802"
"bac_ASV_4817","bac","Bacteria","Proteobacteria","Alphaproteobacteria","Rhizobiales","Hyphomicrobiaceae","Rhodomicrobium",NA,"bac","bac_ASV_4817"
"bac_ASV_489","bac","Bacteria","Proteobacteria","Alphaproteobacteria","Rhizobiales","Methylobacteriaceae","Microvirga","Microvirga ossetica","bac","bac_ASV_489"
"bac_ASV_490","bac","Bacteria","Proteobacteria","Alphaproteobacteria","Rhizobiales","Rhizobiaceae",NA,"Rhizobiaceae bacterium","bac","bac_ASV_490"
"bac_ASV_492","bac","Bacteria","Proteobacteria","Alphaproteobacteria","Rhizobiales","Bradyrhizobiaceae","Bradyrhizobium",NA,"bac","bac_ASV_492"
"bac_ASV_498","bac","Bacteria","Proteobacteria","Alphaproteobacteria","Rhizobiales","Devosiaceae","Devosia","Devosia sp. 66-22","bac","bac_ASV_498"
"bac_ASV_501","bac","Bacteria","Proteobacteria","Alphaproteobacteria","Rhizobiales","Methylobacteriaceae","Microvirga","Microvirga zambiensis","bac","bac_ASV_501"
"bac_ASV_511","bac","Bacteria","Proteobacteria","Alphaproteobacteria","Rhizobiales","Hyphomicrobiaceae","Hyphomicrobium","Hyphomicrobium sp. CS1BSMeth3","bac","bac_ASV_511"
"bac_ASV_513","bac","Bacteria","Proteobacteria","Alphaproteobacteria","Rhizobiales","Hyphomicrobiaceae",NA,"Hyphomicrobiaceae bacterium","bac","bac_ASV_513"
"bac_ASV_516","bac","Bacteria","Proteobacteria","Alphaproteobacteria","Rhizobiales","Devosiaceae","Devosia","Devosia sp. A16","bac","bac_ASV_516"
"bac_ASV_518","bac","Bacteria","Proteobacteria","Alphaproteobacteria","Rhizobiales","Hyphomicrobiaceae",NA,"Hyphomicrobiaceae bacterium","bac","bac_ASV_518"
"bac_ASV_526","bac","Bacteria","Proteobacteria","Alphaproteobacteria","Rhizobiales","Methylobacteriaceae","Microvirga","Microvirga massiliensis","bac","bac_ASV_526"
"bac_ASV_528","bac","Bacteria","Proteobacteria","Alphaproteobacteria","Rhizobiales","Rhizobiaceae","Agrobacterium","Agrobacterium tumefaciens complex","bac","bac_ASV_528"
"bac_ASV_532","bac","Bacteria","Proteobacteria","Alphaproteobacteria","Rhizobiales","Phyllobacteriaceae","Pseudaminobacter","Pseudaminobacter arsenicus","bac","bac_ASV_532"
"bac_ASV_5323","bac","Bacteria","Proteobacteria","Alphaproteobacteria","Rhizobiales","Rhizobiaceae","Rhizobium","Rhizobium sp. BK251","bac","bac_ASV_5323"
"bac_ASV_5359","bac","Bacteria","Proteobacteria","Alphaproteobacteria","Rhizobiales","Devosiaceae","Devosia","Devosia oryziradicis","bac","bac_ASV_5359"
"bac_ASV_539","bac","Bacteria","Proteobacteria","Alphaproteobacteria","Rhizobiales","Hyphomicrobiaceae",NA,"Hyphomicrobiaceae bacterium","bac","bac_ASV_539"
"bac_ASV_5409","bac","Bacteria","Proteobacteria","Alphaproteobacteria","Rhizobiales","Reyranellaceae","Reyranella","Reyranella sp. CPCC 100927","bac","bac_ASV_5409"
"bac_ASV_545","bac","Bacteria","Proteobacteria","Alphaproteobacteria","Rhizobiales","Devosiaceae","Devosia","Devosia sp. LC5","bac","bac_ASV_545"
"bac_ASV_5467","bac","Bacteria","Proteobacteria","Alphaproteobacteria","Rhizobiales","Bradyrhizobiaceae","Bradyrhizobium","Bradyrhizobium sp. dw_411","bac","bac_ASV_5467"
"bac_ASV_549","bac","Bacteria","Proteobacteria","Alphaproteobacteria","Rhizobiales","Devosiaceae","Devosia","Devosia sp. SL43","bac","bac_ASV_549"
"bac_ASV_551","bac","Bacteria","Proteobacteria","Alphaproteobacteria","Rhizobiales","Hyphomicrobiaceae","Methyloceanibacter","Methyloceanibacter superfactus","bac","bac_ASV_551"
"bac_ASV_5535","bac","Bacteria","Proteobacteria","Alphaproteobacteria","Rhizobiales","Xanthobacteraceae",NA,"Xanthobacteraceae bacterium","bac","bac_ASV_5535"
"bac_ASV_554","bac","Bacteria","Proteobacteria","Alphaproteobacteria","Rhizobiales","Devosiaceae","Devosia","Devosia sp. LC5","bac","bac_ASV_554"
"bac_ASV_555","bac","Bacteria","Proteobacteria","Alphaproteobacteria","Rhizobiales","Xanthobacteraceae","Pseudolabrys","Pseudolabrys taiwanensis","bac","bac_ASV_555"
"bac_ASV_5564","bac","Bacteria","Proteobacteria","Alphaproteobacteria","Rhizobiales","Rhizobiaceae","Shinella","Shinella zoogloeoides","bac","bac_ASV_5564"
"bac_ASV_557","bac","Bacteria","Proteobacteria","Alphaproteobacteria","Rhizobiales","Bradyrhizobiaceae","Bradyrhizobium","Bradyrhizobium sp. dw_411","bac","bac_ASV_557"
"bac_ASV_558","bac","Bacteria","Proteobacteria","Alphaproteobacteria","Rhizobiales","Hyphomicrobiaceae","Rhodoplanes","Rhodoplanes sp. Z2-YC6860","bac","bac_ASV_558"
"bac_ASV_5581","bac","Bacteria","Proteobacteria","Alphaproteobacteria","Rhizobiales","Rhizobiaceae","Neorhizobium","Neorhizobium alkalisoli","bac","bac_ASV_5581"
"bac_ASV_5615","bac","Bacteria","Proteobacteria","Alphaproteobacteria","Rhizobiales","Rhizobiaceae",NA,NA,"bac","bac_ASV_5615"
"bac_ASV_5622","bac","Bacteria","Proteobacteria","Alphaproteobacteria","Rhizobiales","Phyllobacteriaceae","Mesorhizobium","Mesorhizobium amorphae","bac","bac_ASV_5622"
"bac_ASV_565","bac","Bacteria","Proteobacteria","Alphaproteobacteria","Rhizobiales","Rhizobiaceae",NA,"Rhizobiaceae bacterium","bac","bac_ASV_565"
"bac_ASV_566","bac","Bacteria","Proteobacteria","Alphaproteobacteria","Rhizobiales","Methylobacteriaceae","Microvirga","Microvirga soli","bac","bac_ASV_566"
"bac_ASV_567","bac","Bacteria","Proteobacteria","Alphaproteobacteria","Rhizobiales","Bradyrhizobiaceae","Afipia","Afipia sp. P52-10","bac","bac_ASV_567"
"bac_ASV_572","bac","Bacteria","Proteobacteria","Alphaproteobacteria","Rhizobiales","Rhizobiaceae","Rhizobium","Rhizobium azooxidifex","bac","bac_ASV_572"
"bac_ASV_574","bac","Bacteria","Proteobacteria","Alphaproteobacteria","Rhizobiales","Hyphomicrobiaceae","Rhodoplanes","Rhodoplanes sp. Z2-YC6860","bac","bac_ASV_574"
"bac_ASV_580","bac","Bacteria","Proteobacteria","Alphaproteobacteria","Rhizobiales","Devosiaceae","Devosia","Devosia sp. 66-22","bac","bac_ASV_580"
"bac_ASV_583","bac","Bacteria","Proteobacteria","Alphaproteobacteria","Rhizobiales","Bradyrhizobiaceae","Bradyrhizobium","Bradyrhizobium murdochi","bac","bac_ASV_583"
"bac_ASV_584","bac","Bacteria","Proteobacteria","Alphaproteobacteria","Rhizobiales","Hyphomicrobiaceae","Rhodoplanes","Rhodoplanes sp. Z2-YC6860","bac","bac_ASV_584"
"bac_ASV_585","bac","Bacteria","Proteobacteria","Alphaproteobacteria","Rhizobiales","Rhizobiaceae","Rhizobium","Rhizobium sp. WYJ-E13","bac","bac_ASV_585"
"bac_ASV_590","bac","Bacteria","Proteobacteria","Alphaproteobacteria","Rhizobiales","Devosiaceae","Devosia","Devosia oryziradicis","bac","bac_ASV_590"
"bac_ASV_591","bac","Bacteria","Proteobacteria","Alphaproteobacteria","Rhizobiales","Phyllobacteriaceae","Mesorhizobium","Mesorhizobium alhagi","bac","bac_ASV_591"
"bac_ASV_595","bac","Bacteria","Proteobacteria","Alphaproteobacteria","Rhizobiales","Devosiaceae","Devosia","Devosia sp. A16","bac","bac_ASV_595"
"bac_ASV_599","bac","Bacteria","Proteobacteria","Alphaproteobacteria","Rhizobiales","Hyphomicrobiaceae","Rhodomicrobium",NA,"bac","bac_ASV_599"
"bac_ASV_601","bac","Bacteria","Proteobacteria","Alphaproteobacteria","Rhizobiales","Boseaceae","Bosea","Bosea sp. Tri-44","bac","bac_ASV_601"
"bac_ASV_603","bac","Bacteria","Proteobacteria","Alphaproteobacteria","Rhizobiales","Devosiaceae","Devosia","Devosia sp. LC5","bac","bac_ASV_603"
"bac_ASV_605","bac","Bacteria","Proteobacteria","Alphaproteobacteria","Rhizobiales","Devosiaceae","Devosia","Devosia oryziradicis","bac","bac_ASV_605"
"bac_ASV_606","bac","Bacteria","Proteobacteria","Alphaproteobacteria","Rhizobiales","Methylobacteriaceae","Microvirga","Microvirga sp. KLBC 81","bac","bac_ASV_606"
"bac_ASV_607","bac","Bacteria","Proteobacteria","Alphaproteobacteria","Rhizobiales","Hyphomicrobiaceae","Hyphomicrobium","Hyphomicrobium sp. 32-62-53","bac","bac_ASV_607"
"bac_ASV_616","bac","Bacteria","Proteobacteria","Alphaproteobacteria","Rhizobiales","Devosiaceae","Devosia","Devosia oryziradicis","bac","bac_ASV_616"
"bac_ASV_619","bac","Bacteria","Proteobacteria","Alphaproteobacteria","Rhizobiales","Devosiaceae","Devosia","Devosia sp. 66-22","bac","bac_ASV_619"
"bac_ASV_6238","bac","Bacteria","Proteobacteria","Alphaproteobacteria","Rhizobiales","Bradyrhizobiaceae",NA,"Bradyrhizobiaceae bacterium","bac","bac_ASV_6238"
"bac_ASV_625","bac","Bacteria","Proteobacteria","Alphaproteobacteria","Rhizobiales","Devosiaceae","Devosia","Devosia ginsengisoli","bac","bac_ASV_625"
"bac_ASV_631","bac","Bacteria","Proteobacteria","Alphaproteobacteria","Rhizobiales","Hyphomicrobiaceae","Hyphomicrobium","Hyphomicrobium sp. CS1BSMeth3","bac","bac_ASV_631"
"bac_ASV_632","bac","Bacteria","Proteobacteria","Alphaproteobacteria","Rhizobiales","Rhizobiaceae","Ensifer",NA,"bac","bac_ASV_632"
"bac_ASV_633","bac","Bacteria","Proteobacteria","Alphaproteobacteria","Rhizobiales","Hyphomicrobiaceae","Hyphomicrobium","Hyphomicrobium zavarzinii","bac","bac_ASV_633"
"bac_ASV_635","bac","Bacteria","Proteobacteria","Alphaproteobacteria","Rhizobiales","Phyllobacteriaceae","Mesorhizobium","Mesorhizobium sp. YM1C-6-2","bac","bac_ASV_635"
"bac_ASV_6355","bac","Bacteria","Proteobacteria","Alphaproteobacteria","Rhizobiales","Pleomorphomonadaceae",NA,NA,"bac","bac_ASV_6355"
"bac_ASV_636","bac","Bacteria","Proteobacteria","Alphaproteobacteria","Rhizobiales","Boseaceae","Bosea","Bosea sp. F3-2","bac","bac_ASV_636"
"bac_ASV_6409","bac","Bacteria","Proteobacteria","Alphaproteobacteria","Rhizobiales",NA,"Pseudorhodoplanes","Pseudorhodoplanes sinuspersici","bac","bac_ASV_6409"
"bac_ASV_642","bac","Bacteria","Proteobacteria","Alphaproteobacteria","Rhizobiales","Devosiaceae","Devosia","Devosia ginsengisoli","bac","bac_ASV_642"
"bac_ASV_643","bac","Bacteria","Proteobacteria","Alphaproteobacteria","Rhizobiales","Phyllobacteriaceae","Mesorhizobium","Mesorhizobium camelthorni","bac","bac_ASV_643"
"bac_ASV_648","bac","Bacteria","Proteobacteria","Alphaproteobacteria","Rhizobiales","Phyllobacteriaceae","Mesorhizobium","Mesorhizobium albiziae","bac","bac_ASV_648"
"bac_ASV_6508","bac","Bacteria","Proteobacteria","Alphaproteobacteria","Rhizobiales","Reyranellaceae","Reyranella","Reyranella sp. CPCC 100927","bac","bac_ASV_6508"
"bac_ASV_651","bac","Bacteria","Proteobacteria","Alphaproteobacteria","Rhizobiales","Devosiaceae","Devosia","Devosia sp. 66-22","bac","bac_ASV_651"
"bac_ASV_655","bac","Bacteria","Proteobacteria","Alphaproteobacteria","Rhizobiales","Bradyrhizobiaceae","Bradyrhizobium","Bradyrhizobium erythrophlei","bac","bac_ASV_655"
"bac_ASV_6654","bac","Bacteria","Proteobacteria","Alphaproteobacteria","Rhizobiales","Hyphomicrobiaceae","Methyloceanibacter","Methyloceanibacter superfactus","bac","bac_ASV_6654"
"bac_ASV_7187","bac","Bacteria","Proteobacteria","Alphaproteobacteria","Rhizobiales","Rhizobiaceae","Ensifer",NA,"bac","bac_ASV_7187"
"bac_ASV_7355","bac","Bacteria","Proteobacteria","Alphaproteobacteria","Rhizobiales","Rhizobiaceae","Rhizobium","Rhizobium giardinii","bac","bac_ASV_7355"
"bac_ASV_7554","bac","Bacteria","Proteobacteria","Alphaproteobacteria","Rhizobiales","Rhizobiaceae","Sinorhizobium",NA,"bac","bac_ASV_7554"
"bac_ASV_8026","bac","Bacteria","Proteobacteria","Alphaproteobacteria","Rhizobiales",NA,"Pseudorhodoplanes","Pseudorhodoplanes sinuspersici","bac","bac_ASV_8026"
"bac_ASV_8077","bac","Bacteria","Proteobacteria","Alphaproteobacteria","Rhizobiales","Bradyrhizobiaceae","Bradyrhizobium","Bradyrhizobium lablabi","bac","bac_ASV_8077"
"bac_ASV_8252","bac","Bacteria","Proteobacteria","Alphaproteobacteria","Rhizobiales","Rhizobiaceae","Sinorhizobium","Sinorhizobium fredii group","bac","bac_ASV_8252"
"bac_ASV_9802","bac","Bacteria","Proteobacteria","Alphaproteobacteria","Rhizobiales","Hyphomicrobiaceae","Rhodomicrobium",NA,"bac","bac_ASV_9802"
"bac_ASV_983","bac","Bacteria","Proteobacteria","Alphaproteobacteria","Rhizobiales",NA,"Pseudorhodoplanes","Pseudorhodoplanes sinuspersici","bac","bac_ASV_983"
"bac_ASV_986","bac","Bacteria","Proteobacteria","Alphaproteobacteria","Rhizobiales","Bradyrhizobiaceae","Bradyrhizobium","Bradyrhizobium sp. dw_411","bac","bac_ASV_986"
"bac_ASV_995","bac","Bacteria","Proteobacteria","Alphaproteobacteria","Rhizobiales","Devosiaceae","Devosia","Devosia sp. 66-22","bac","bac_ASV_995"
"bac_ASV_997","bac","Bacteria","Proteobacteria","Alphaproteobacteria","Rhizobiales","Phyllobacteriaceae","Mesorhizobium","Mesorhizobium alhagi","bac","bac_ASV_997"
"bac_ASV_999","bac","Bacteria","Proteobacteria","Alphaproteobacteria","Rhizobiales","Rhizobiaceae","Rhizobium","Rhizobium sp. BK418","bac","bac_ASV_999"
"fun_ASV_1","fun","Fungi","Glomeromycota","Glomeromycetes","Glomerales","Glomeraceae","Glomus","","fun","fun_ASV_1"
"fun_ASV_1002","fun","Fungi","Glomeromycota","Glomeromycetes","","","","","fun","fun_ASV_1002"
"fun_ASV_1003","fun","Fungi","Glomeromycota","Glomeromycetes","Glomerales","Claroideoglomeraceae","Claroideoglomus","Torrecillas12b_Glo_G5","fun","fun_ASV_1003"
"fun_ASV_1014","fun","Fungi","Glomeromycota","Glomeromycetes","","","","","fun","fun_ASV_1014"
"fun_ASV_1015","fun","Fungi","Glomeromycota","Glomeromycetes","Paraglomerales","Paraglomeraceae","Paraglomus","Glom_1B13","fun","fun_ASV_1015"
"fun_ASV_1021","fun","Fungi","Glomeromycota","Glomeromycetes","Glomerales","Glomeraceae","Glomus","","fun","fun_ASV_1021"
"fun_ASV_103","fun","Fungi","Glomeromycota","Glomeromycetes","","","","","fun","fun_ASV_103"
"fun_ASV_1043","fun","Fungi","Glomeromycota","Glomeromycetes","Glomerales","Glomeraceae","Glomus","","fun","fun_ASV_1043"
"fun_ASV_1046","fun","Fungi","Glomeromycota","Glomeromycetes","","","","","fun","fun_ASV_1046"
"fun_ASV_1049","fun","Fungi","Glomeromycota","Glomeromycetes","","","","","fun","fun_ASV_1049"
"fun_ASV_106","fun","Fungi","Glomeromycota","Glomeromycetes","Glomerales","Glomeraceae","Glomus","","fun","fun_ASV_106"
"fun_ASV_1062","fun","Fungi","Glomeromycota","Glomeromycetes","","","","","fun","fun_ASV_1062"
"fun_ASV_1069","fun","Fungi","Glomeromycota","Glomeromycetes","Glomerales","Glomeraceae","Glomus","","fun","fun_ASV_1069"
"fun_ASV_1072","fun","Fungi","Glomeromycota","Glomeromycetes","","","","","fun","fun_ASV_1072"
"fun_ASV_1077","fun","Fungi","Glomeromycota","Glomeromycetes","Paraglomerales","Paraglomeraceae","Paraglomus","Alguacil12a_Para_1","fun","fun_ASV_1077"
"fun_ASV_108","fun","Fungi","Glomeromycota","Glomeromycetes","Glomerales","","","","fun","fun_ASV_108"
"fun_ASV_1081","fun","Fungi","Glomeromycota","Glomeromycetes","","","","","fun","fun_ASV_1081"
"fun_ASV_109","fun","Fungi","Glomeromycota","Glomeromycetes","","","","","fun","fun_ASV_109"
"fun_ASV_110","fun","Fungi","Glomeromycota","Glomeromycetes","Diversisporales","Diversisporaceae","Diversispora","sp","fun","fun_ASV_110"
"fun_ASV_112","fun","Fungi","Glomeromycota","Glomeromycetes","Glomerales","Glomeraceae","Glomus","","fun","fun_ASV_112"
"fun_ASV_113","fun","Fungi","Glomeromycota","Glomeromycetes","","","","","fun","fun_ASV_113"
"fun_ASV_1134","fun","Fungi","Glomeromycota","Glomeromycetes","Glomerales","Glomeraceae","Glomus","","fun","fun_ASV_1134"
"fun_ASV_1141","fun","Fungi","Glomeromycota","Glomeromycetes","Glomerales","Glomeraceae","Glomus","viscosum","fun","fun_ASV_1141"
"fun_ASV_1166","fun","Fungi","Glomeromycota","Glomeromycetes","","","","","fun","fun_ASV_1166"
"fun_ASV_1169","fun","Fungi","Glomeromycota","Glomeromycetes","Glomerales","","","","fun","fun_ASV_1169"
"fun_ASV_1181","fun","Fungi","Glomeromycota","Glomeromycetes","","","","","fun","fun_ASV_1181"
"fun_ASV_1191","fun","Fungi","Glomeromycota","Glomeromycetes","","","","","fun","fun_ASV_1191"
"fun_ASV_1197","fun","Fungi","Glomeromycota","Glomeromycetes","Glomerales","Glomeraceae","Glomus","","fun","fun_ASV_1197"
"fun_ASV_12","fun","Fungi","Glomeromycota","Glomeromycetes","","","","","fun","fun_ASV_12"
"fun_ASV_120","fun","Fungi","Glomeromycota","Glomeromycetes","Diversisporales","Diversisporaceae","Diversispora","sp","fun","fun_ASV_120"
"fun_ASV_1200","fun","Fungi","Glomeromycota","Glomeromycetes","Glomerales","Glomeraceae","Glomus","","fun","fun_ASV_1200"
"fun_ASV_1206","fun","Fungi","Glomeromycota","Glomeromycetes","Glomerales","Glomeraceae","Glomus","Wirsel_OTU16","fun","fun_ASV_1206"
"fun_ASV_1207","fun","Fungi","Glomeromycota","Glomeromycetes","Glomerales","Glomeraceae","Glomus","","fun","fun_ASV_1207"
"fun_ASV_1209","fun","Fungi","Glomeromycota","Glomeromycetes","Paraglomerales","Paraglomeraceae","Paraglomus","","fun","fun_ASV_1209"
"fun_ASV_122","fun","Fungi","Glomeromycota","Glomeromycetes","Glomerales","Glomeraceae","Glomus","","fun","fun_ASV_122"
"fun_ASV_1226","fun","Fungi","Glomeromycota","Glomeromycetes","Glomerales","Glomeraceae","Glomus","Glo7","fun","fun_ASV_1226"
"fun_ASV_1241","fun","Fungi","Glomeromycota","Glomeromycetes","Glomerales","Glomeraceae","Glomus","","fun","fun_ASV_1241"
"fun_ASV_1242","fun","Fungi","Glomeromycota","Glomeromycetes","","","","","fun","fun_ASV_1242"
"fun_ASV_1243","fun","Fungi","Glomeromycota","Glomeromycetes","Glomerales","Glomeraceae","Glomus","","fun","fun_ASV_1243"
"fun_ASV_1249","fun","Fungi","Glomeromycota","Glomeromycetes","Glomerales","Glomeraceae","Glomus","","fun","fun_ASV_1249"
"fun_ASV_125","fun","Fungi","Glomeromycota","Glomeromycetes","Diversisporales","Diversisporaceae","Diversispora","Clade_3","fun","fun_ASV_125"
"fun_ASV_126","fun","Fungi","Glomeromycota","Glomeromycetes","","","","","fun","fun_ASV_126"
"fun_ASV_1268","fun","Fungi","Glomeromycota","Glomeromycetes","Glomerales","Glomeraceae","Glomus","viscosum","fun","fun_ASV_1268"
"fun_ASV_1272","fun","Fungi","Glomeromycota","Glomeromycetes","Glomerales","Glomeraceae","Glomus","MO_G23","fun","fun_ASV_1272"
"fun_ASV_1287","fun","Fungi","Glomeromycota","Glomeromycetes","","","","","fun","fun_ASV_1287"
"fun_ASV_129","fun","Fungi","Glomeromycota","Glomeromycetes","","","","","fun","fun_ASV_129"
"fun_ASV_1305","fun","Fungi","Glomeromycota","Glomeromycetes","","","","","fun","fun_ASV_1305"
"fun_ASV_1315","fun","Fungi","Glomeromycota","Glomeromycetes","Glomerales","Glomeraceae","Glomus","","fun","fun_ASV_1315"
"fun_ASV_1330","fun","Fungi","Glomeromycota","Glomeromycetes","Glomerales","Glomeraceae","Glomus","","fun","fun_ASV_1330"
"fun_ASV_1345","fun","Fungi","Glomeromycota","Glomeromycetes","","","","","fun","fun_ASV_1345"
"fun_ASV_1346","fun","Fungi","Glomeromycota","Glomeromycetes","","","","","fun","fun_ASV_1346"
"fun_ASV_1352","fun","Fungi","Glomeromycota","Glomeromycetes","","","","","fun","fun_ASV_1352"
"fun_ASV_1388","fun","Fungi","Glomeromycota","Glomeromycetes","Glomerales","Glomeraceae","Glomus","","fun","fun_ASV_1388"
"fun_ASV_140","fun","Fungi","Glomeromycota","Glomeromycetes","","","","","fun","fun_ASV_140"
"fun_ASV_144","fun","Fungi","Glomeromycota","Glomeromycetes","","","","","fun","fun_ASV_144"
"fun_ASV_145","fun","Fungi","Glomeromycota","Glomeromycetes","Glomerales","Glomeraceae","Glomus","Whitfield_type_17","fun","fun_ASV_145"
"fun_ASV_1459","fun","Fungi","Glomeromycota","Glomeromycetes","","","","","fun","fun_ASV_1459"
"fun_ASV_146","fun","Fungi","Glomeromycota","Glomeromycetes","Paraglomerales","Paraglomeraceae","Paraglomus","Alguacil12a_Para_1","fun","fun_ASV_146"
"fun_ASV_1463","fun","Fungi","Glomeromycota","Glomeromycetes","","","","","fun","fun_ASV_1463"
"fun_ASV_1495","fun","Fungi","Glomeromycota","Glomeromycetes","Paraglomerales","Paraglomeraceae","Paraglomus","","fun","fun_ASV_1495"
"fun_ASV_1496","fun","Fungi","Glomeromycota","Glomeromycetes","Glomerales","","","","fun","fun_ASV_1496"
"fun_ASV_1498","fun","Fungi","Glomeromycota","Glomeromycetes","","","","","fun","fun_ASV_1498"
"fun_ASV_1503","fun","Fungi","Glomeromycota","Glomeromycetes","","","","","fun","fun_ASV_1503"
"fun_ASV_152","fun","Fungi","Glomeromycota","Glomeromycetes","Glomerales","Claroideoglomeraceae","Claroideoglomus","lamellosum","fun","fun_ASV_152"
"fun_ASV_1523","fun","Fungi","Glomeromycota","Glomeromycetes","Glomerales","Glomeraceae","Glomus","Glo7","fun","fun_ASV_1523"
"fun_ASV_1529","fun","Fungi","Glomeromycota","Glomeromycetes","Glomerales","Glomeraceae","Glomus","","fun","fun_ASV_1529"
"fun_ASV_1532","fun","Fungi","Glomeromycota","Glomeromycetes","Paraglomerales","Paraglomeraceae","Paraglomus","Alguacil12a_Para_1","fun","fun_ASV_1532"
"fun_ASV_1533","fun","Fungi","Glomeromycota","Glomeromycetes","Glomerales","Glomeraceae","Glomus","","fun","fun_ASV_1533"
"fun_ASV_1588","fun","Fungi","Glomeromycota","Glomeromycetes","","","","","fun","fun_ASV_1588"
"fun_ASV_159","fun","Fungi","Glomeromycota","Glomeromycetes","Glomerales","Glomeraceae","Glomus","Wirsel_OTU16","fun","fun_ASV_159"
"fun_ASV_16","fun","Fungi","Glomeromycota","Glomeromycetes","Glomerales","","","","fun","fun_ASV_16"
"fun_ASV_1611","fun","Fungi","Glomeromycota","Glomeromycetes","Paraglomerales","Paraglomeraceae","Paraglomus","","fun","fun_ASV_1611"
"fun_ASV_1616","fun","Fungi","Glomeromycota","Glomeromycetes","","","","","fun","fun_ASV_1616"
"fun_ASV_1617","fun","Fungi","Glomeromycota","Glomeromycetes","","","","","fun","fun_ASV_1617"
"fun_ASV_1619","fun","Fungi","Glomeromycota","Glomeromycetes","","","","","fun","fun_ASV_1619"
"fun_ASV_164","fun","Fungi","Glomeromycota","Glomeromycetes","Glomerales","Glomeraceae","Glomus","","fun","fun_ASV_164"
"fun_ASV_1649","fun","Fungi","Glomeromycota","Glomeromycetes","Glomerales","","","","fun","fun_ASV_1649"
"fun_ASV_1651","fun","Fungi","Glomeromycota","Glomeromycetes","Glomerales","Glomeraceae","Glomus","","fun","fun_ASV_1651"
"fun_ASV_168","fun","Fungi","Glomeromycota","Glomeromycetes","Glomerales","Glomeraceae","Glomus","","fun","fun_ASV_168"
"fun_ASV_17","fun","Fungi","Glomeromycota","Glomeromycetes","","","","","fun","fun_ASV_17"
"fun_ASV_170","fun","Fungi","Glomeromycota","Glomeromycetes","","","","","fun","fun_ASV_170"
"fun_ASV_1714","fun","Fungi","Glomeromycota","Glomeromycetes","Glomerales","Glomeraceae","Glomus","","fun","fun_ASV_1714"
"fun_ASV_174","fun","Fungi","Glomeromycota","Glomeromycetes","Glomerales","Glomeraceae","Glomus","","fun","fun_ASV_174"
"fun_ASV_177","fun","Fungi","Glomeromycota","Glomeromycetes","","","","","fun","fun_ASV_177"
"fun_ASV_1772","fun","Fungi","Glomeromycota","Glomeromycetes","Paraglomerales","Paraglomeraceae","Paraglomus","Alguacil12a_Para_1","fun","fun_ASV_1772"
"fun_ASV_1776","fun","Fungi","Glomeromycota","Glomeromycetes","Paraglomerales","Paraglomeraceae","Paraglomus","","fun","fun_ASV_1776"
"fun_ASV_1797","fun","Fungi","Glomeromycota","Glomeromycetes","","","","","fun","fun_ASV_1797"
"fun_ASV_18","fun","Fungi","Glomeromycota","Glomeromycetes","Paraglomerales","Paraglomeraceae","Paraglomus","","fun","fun_ASV_18"
"fun_ASV_181","fun","Fungi","Glomeromycota","Glomeromycetes","","","","","fun","fun_ASV_181"
"fun_ASV_1859","fun","Fungi","Glomeromycota","Glomeromycetes","","","","","fun","fun_ASV_1859"
"fun_ASV_186","fun","Fungi","Glomeromycota","Glomeromycetes","Glomerales","","","","fun","fun_ASV_186"
"fun_ASV_1866","fun","Fungi","Glomeromycota","Glomeromycetes","Glomerales","Glomeraceae","Glomus","","fun","fun_ASV_1866"
"fun_ASV_187","fun","Fungi","Glomeromycota","Glomeromycetes","Glomerales","","","","fun","fun_ASV_187"
"fun_ASV_1870","fun","Fungi","Glomeromycota","Glomeromycetes","Glomerales","Glomeraceae","Glomus","","fun","fun_ASV_1870"
"fun_ASV_19","fun","Fungi","Glomeromycota","Glomeromycetes","Glomerales","","","","fun","fun_ASV_19"
"fun_ASV_1921","fun","Fungi","Glomeromycota","Glomeromycetes","Glomerales","Glomeraceae","Glomus","","fun","fun_ASV_1921"
"fun_ASV_1925","fun","Fungi","Glomeromycota","Glomeromycetes","","","","","fun","fun_ASV_1925"
"fun_ASV_1931","fun","Fungi","Glomeromycota","Glomeromycetes","Glomerales","Claroideoglomeraceae","Claroideoglomus","Torrecillas12b_Glo_G5","fun","fun_ASV_1931"
"fun_ASV_1951","fun","Fungi","Glomeromycota","Glomeromycetes","Paraglomerales","Paraglomeraceae","Paraglomus","Alguacil12a_Para_1","fun","fun_ASV_1951"
"fun_ASV_1954","fun","Fungi","Glomeromycota","Glomeromycetes","","","","","fun","fun_ASV_1954"
"fun_ASV_1986","fun","Fungi","Glomeromycota","Glomeromycetes","","","","","fun","fun_ASV_1986"
"fun_ASV_1999","fun","Fungi","Glomeromycota","Glomeromycetes","Diversisporales","Diversisporaceae","Diversispora","MO_D2","fun","fun_ASV_1999"
"fun_ASV_2","fun","Fungi","Glomeromycota","Glomeromycetes","Paraglomerales","Paraglomeraceae","Paraglomus","","fun","fun_ASV_2"
"fun_ASV_20","fun","Fungi","Glomeromycota","Glomeromycetes","Glomerales","Glomeraceae","Glomus","Whitfield_type_17","fun","fun_ASV_20"
"fun_ASV_202","fun","Fungi","Glomeromycota","Glomeromycetes","Glomerales","Claroideoglomeraceae","Claroideoglomus","Torrecillas12b_Glo_G5","fun","fun_ASV_202"
"fun_ASV_206","fun","Fungi","Glomeromycota","Glomeromycetes","Glomerales","Glomeraceae","Glomus","","fun","fun_ASV_206"
"fun_ASV_209","fun","Fungi","Glomeromycota","Glomeromycetes","Glomerales","Claroideoglomeraceae","Claroideoglomus","lamellosum","fun","fun_ASV_209"
"fun_ASV_21","fun","Fungi","Glomeromycota","Glomeromycetes","Paraglomerales","Paraglomeraceae","Paraglomus","","fun","fun_ASV_21"
"fun_ASV_214","fun","Fungi","Glomeromycota","Glomeromycetes","","","","","fun","fun_ASV_214"
"fun_ASV_2151","fun","Fungi","Glomeromycota","Glomeromycetes","Glomerales","","","","fun","fun_ASV_2151"
"fun_ASV_2155","fun","Fungi","Glomeromycota","Glomeromycetes","","","","","fun","fun_ASV_2155"
"fun_ASV_218","fun","Fungi","Glomeromycota","Glomeromycetes","Glomerales","Glomeraceae","Glomus","","fun","fun_ASV_218"
"fun_ASV_2181","fun","Fungi","Glomeromycota","Glomeromycetes","Paraglomerales","Paraglomeraceae","Paraglomus","","fun","fun_ASV_2181"
"fun_ASV_221","fun","Fungi","Glomeromycota","Glomeromycetes","","","","","fun","fun_ASV_221"
"fun_ASV_2210","fun","Fungi","Glomeromycota","Glomeromycetes","Glomerales","Glomeraceae","Glomus","","fun","fun_ASV_2210"
"fun_ASV_2211","fun","Fungi","Glomeromycota","Glomeromycetes","","","","","fun","fun_ASV_2211"
"fun_ASV_224","fun","Fungi","Glomeromycota","Glomeromycetes","","","","","fun","fun_ASV_224"
"fun_ASV_2274","fun","Fungi","Glomeromycota","Glomeromycetes","Diversisporales","","","","fun","fun_ASV_2274"
"fun_ASV_230","fun","Fungi","Glomeromycota","Glomeromycetes","Glomerales","Glomeraceae","Glomus","","fun","fun_ASV_230"
"fun_ASV_231","fun","Fungi","Glomeromycota","Glomeromycetes","Diversisporales","Diversisporaceae","Diversispora","sp","fun","fun_ASV_231"
"fun_ASV_2343","fun","Fungi","Glomeromycota","Glomeromycetes","Glomerales","Glomeraceae","Glomus","","fun","fun_ASV_2343"
"fun_ASV_2364","fun","Fungi","Glomeromycota","Glomeromycetes","Glomerales","Glomeraceae","Glomus","","fun","fun_ASV_2364"
"fun_ASV_2368","fun","Fungi","Glomeromycota","Glomeromycetes","","","","","fun","fun_ASV_2368"
"fun_ASV_2373","fun","Fungi","Glomeromycota","Glomeromycetes","","","","","fun","fun_ASV_2373"
"fun_ASV_242","fun","Fungi","Glomeromycota","Glomeromycetes","Glomerales","Glomeraceae","Glomus","","fun","fun_ASV_242"
"fun_ASV_2430","fun","Fungi","Glomeromycota","Glomeromycetes","Paraglomerales","Paraglomeraceae","Paraglomus","","fun","fun_ASV_2430"
"fun_ASV_2433","fun","Fungi","Glomeromycota","Glomeromycetes","Glomerales","Glomeraceae","Glomus","Wirsel_OTU16","fun","fun_ASV_2433"
"fun_ASV_2437","fun","Fungi","Glomeromycota","Glomeromycetes","Glomerales","Glomeraceae","Glomus","","fun","fun_ASV_2437"
"fun_ASV_246","fun","Fungi","Glomeromycota","Glomeromycetes","","","","","fun","fun_ASV_246"
"fun_ASV_247","fun","Fungi","Glomeromycota","Glomeromycetes","Paraglomerales","Paraglomeraceae","Paraglomus","Alguacil12a_Para_1","fun","fun_ASV_247"
"fun_ASV_25","fun","Fungi","Glomeromycota","Glomeromycetes","Glomerales","","","","fun","fun_ASV_25"
"fun_ASV_2522","fun","Fungi","Glomeromycota","Glomeromycetes","","","","","fun","fun_ASV_2522"
"fun_ASV_253","fun","Fungi","Glomeromycota","Glomeromycetes","","","","","fun","fun_ASV_253"
"fun_ASV_2559","fun","Fungi","Glomeromycota","Glomeromycetes","","","","","fun","fun_ASV_2559"
"fun_ASV_2563","fun","Fungi","Glomeromycota","Glomeromycetes","Paraglomerales","Paraglomeraceae","Paraglomus","","fun","fun_ASV_2563"
"fun_ASV_259","fun","Fungi","Glomeromycota","Glomeromycetes","","","","","fun","fun_ASV_259"
"fun_ASV_261","fun","Fungi","Glomeromycota","Glomeromycetes","Glomerales","Glomeraceae","Glomus","","fun","fun_ASV_261"
"fun_ASV_263","fun","Fungi","Glomeromycota","Glomeromycetes","Glomerales","Glomeraceae","Glomus","viscosum","fun","fun_ASV_263"
"fun_ASV_265","fun","Fungi","Glomeromycota","Glomeromycetes","","","","","fun","fun_ASV_265"
"fun_ASV_268","fun","Fungi","Glomeromycota","Glomeromycetes","","","","","fun","fun_ASV_268"
"fun_ASV_269","fun","Fungi","Glomeromycota","Glomeromycetes","Glomerales","","","","fun","fun_ASV_269"
"fun_ASV_272","fun","Fungi","Glomeromycota","Glomeromycetes","Paraglomerales","Paraglomeraceae","Paraglomus","Glom_1B13","fun","fun_ASV_272"
"fun_ASV_274","fun","Fungi","Glomeromycota","Glomeromycetes","Paraglomerales","Paraglomeraceae","Paraglomus","","fun","fun_ASV_274"
"fun_ASV_275","fun","Fungi","Glomeromycota","Glomeromycetes","Glomerales","Glomeraceae","Glomus","","fun","fun_ASV_275"
"fun_ASV_2750","fun","Fungi","Glomeromycota","Glomeromycetes","","","","","fun","fun_ASV_2750"
"fun_ASV_281","fun","Fungi","Glomeromycota","Glomeromycetes","Glomerales","Glomeraceae","Glomus","","fun","fun_ASV_281"
"fun_ASV_284","fun","Fungi","Glomeromycota","Glomeromycetes","Glomerales","","","","fun","fun_ASV_284"
"fun_ASV_3","fun","Fungi","Glomeromycota","Glomeromycetes","Glomerales","Claroideoglomeraceae","Claroideoglomus","lamellosum","fun","fun_ASV_3"
"fun_ASV_303","fun","Fungi","Glomeromycota","Glomeromycetes","Glomerales","Glomeraceae","Glomus","","fun","fun_ASV_303"
"fun_ASV_309","fun","Fungi","Glomeromycota","Glomeromycetes","Glomerales","Glomeraceae","Glomus","","fun","fun_ASV_309"
"fun_ASV_31","fun","Fungi","Glomeromycota","Glomeromycetes","Glomerales","","","","fun","fun_ASV_31"
"fun_ASV_313","fun","Fungi","Glomeromycota","Glomeromycetes","Glomerales","Glomeraceae","Glomus","","fun","fun_ASV_313"
"fun_ASV_314","fun","Fungi","Glomeromycota","Glomeromycetes","Glomerales","Glomeraceae","Glomus","","fun","fun_ASV_314"
"fun_ASV_315","fun","Fungi","Glomeromycota","Glomeromycetes","Glomerales","Glomeraceae","Glomus","","fun","fun_ASV_315"
"fun_ASV_319","fun","Fungi","Glomeromycota","Glomeromycetes","","","","","fun","fun_ASV_319"
"fun_ASV_32","fun","Fungi","Glomeromycota","Glomeromycetes","","","","","fun","fun_ASV_32"
"fun_ASV_326","fun","Fungi","Glomeromycota","Glomeromycetes","Glomerales","Glomeraceae","Glomus","","fun","fun_ASV_326"
"fun_ASV_332","fun","Fungi","Glomeromycota","Glomeromycetes","Paraglomerales","Paraglomeraceae","Paraglomus","Glom_1B13","fun","fun_ASV_332"
"fun_ASV_334","fun","Fungi","Glomeromycota","Glomeromycetes","","","","","fun","fun_ASV_334"
"fun_ASV_337","fun","Fungi","Glomeromycota","Glomeromycetes","Glomerales","Glomeraceae","Glomus","","fun","fun_ASV_337"
"fun_ASV_340","fun","Fungi","Glomeromycota","Glomeromycetes","","","","","fun","fun_ASV_340"
"fun_ASV_341","fun","Fungi","Glomeromycota","Glomeromycetes","Glomerales","Glomeraceae","Glomus","","fun","fun_ASV_341"
"fun_ASV_343","fun","Fungi","Glomeromycota","Glomeromycetes","","","","","fun","fun_ASV_343"
"fun_ASV_351","fun","Fungi","Glomeromycota","Glomeromycetes","","","","","fun","fun_ASV_351"
"fun_ASV_356","fun","Fungi","Glomeromycota","Glomeromycetes","Glomerales","Glomeraceae","Glomus","Wirsel_OTU16","fun","fun_ASV_356"
"fun_ASV_36","fun","Fungi","Glomeromycota","Glomeromycetes","Diversisporales","","","","fun","fun_ASV_36"
"fun_ASV_360","fun","Fungi","Glomeromycota","Glomeromycetes","","","","","fun","fun_ASV_360"
"fun_ASV_366","fun","Fungi","Glomeromycota","Glomeromycetes","Glomerales","Glomeraceae","Glomus","","fun","fun_ASV_366"
"fun_ASV_37","fun","Fungi","Glomeromycota","Glomeromycetes","","","","","fun","fun_ASV_37"
"fun_ASV_370","fun","Fungi","Glomeromycota","Glomeromycetes","Glomerales","","","","fun","fun_ASV_370"
"fun_ASV_373","fun","Fungi","Glomeromycota","Glomeromycetes","Glomerales","","","","fun","fun_ASV_373"
"fun_ASV_374","fun","Fungi","Glomeromycota","Glomeromycetes","","","","","fun","fun_ASV_374"
"fun_ASV_38","fun","Fungi","Glomeromycota","Glomeromycetes","","","","","fun","fun_ASV_38"
"fun_ASV_381","fun","Fungi","Glomeromycota","Glomeromycetes","Glomerales","Glomeraceae","Glomus","","fun","fun_ASV_381"
"fun_ASV_382","fun","Fungi","Glomeromycota","Glomeromycetes","Glomerales","Glomeraceae","Glomus","","fun","fun_ASV_382"
"fun_ASV_394","fun","Fungi","Glomeromycota","Glomeromycetes","Glomerales","Glomeraceae","Glomus","","fun","fun_ASV_394"
"fun_ASV_400","fun","Fungi","Glomeromycota","Glomeromycetes","Glomerales","Claroideoglomeraceae","Claroideoglomus","Torrecillas12b_Glo_G5","fun","fun_ASV_400"
"fun_ASV_401","fun","Fungi","Glomeromycota","Glomeromycetes","Glomerales","Glomeraceae","Glomus","","fun","fun_ASV_401"
"fun_ASV_403","fun","Fungi","Glomeromycota","Glomeromycetes","Glomerales","Glomeraceae","Glomus","","fun","fun_ASV_403"
"fun_ASV_404","fun","Fungi","Glomeromycota","Glomeromycetes","","","","","fun","fun_ASV_404"
"fun_ASV_406","fun","Fungi","Glomeromycota","Glomeromycetes","Glomerales","Glomeraceae","Glomus","","fun","fun_ASV_406"
"fun_ASV_407","fun","Fungi","Glomeromycota","Glomeromycetes","","","","","fun","fun_ASV_407"
"fun_ASV_41","fun","Fungi","Glomeromycota","Glomeromycetes","Glomerales","","","","fun","fun_ASV_41"
"fun_ASV_414","fun","Fungi","Glomeromycota","Glomeromycetes","Glomerales","","","","fun","fun_ASV_414"
"fun_ASV_416","fun","Fungi","Glomeromycota","Glomeromycetes","Glomerales","Glomeraceae","Glomus","","fun","fun_ASV_416"
"fun_ASV_417","fun","Fungi","Glomeromycota","Glomeromycetes","Glomerales","Glomeraceae","Glomus","Wirsel_OTU16","fun","fun_ASV_417"
"fun_ASV_42","fun","Fungi","Glomeromycota","Glomeromycetes","Diversisporales","Diversisporaceae","Diversispora","MO_GC2","fun","fun_ASV_42"
"fun_ASV_426","fun","Fungi","Glomeromycota","Glomeromycetes","","","","","fun","fun_ASV_426"
"fun_ASV_43","fun","Fungi","Glomeromycota","Glomeromycetes","","","","","fun","fun_ASV_43"
"fun_ASV_433","fun","Fungi","Glomeromycota","Glomeromycetes","Glomerales","Glomeraceae","Glomus","","fun","fun_ASV_433"
"fun_ASV_435","fun","Fungi","Glomeromycota","Glomeromycetes","Glomerales","Glomeraceae","Glomus","","fun","fun_ASV_435"
"fun_ASV_438","fun","Fungi","Glomeromycota","Glomeromycetes","Glomerales","Glomeraceae","Glomus","","fun","fun_ASV_438"
"fun_ASV_441","fun","Fungi","Glomeromycota","Glomeromycetes","Paraglomerales","Paraglomeraceae","Paraglomus","Alguacil12a_Para_1","fun","fun_ASV_441"
"fun_ASV_45","fun","Fungi","Glomeromycota","Glomeromycetes","","","","","fun","fun_ASV_45"
"fun_ASV_457","fun","Fungi","Glomeromycota","Glomeromycetes","Paraglomerales","Paraglomeraceae","Paraglomus","Alguacil12a_Para_1","fun","fun_ASV_457"
"fun_ASV_461","fun","Fungi","Glomeromycota","Glomeromycetes","","","","","fun","fun_ASV_461"
"fun_ASV_466","fun","Fungi","Glomeromycota","Glomeromycetes","","","","","fun","fun_ASV_466"
"fun_ASV_47","fun","Fungi","Glomeromycota","Glomeromycetes","Glomerales","Glomeraceae","Glomus","","fun","fun_ASV_47"
"fun_ASV_470","fun","Fungi","Glomeromycota","Glomeromycetes","Glomerales","Glomeraceae","Glomus","intraradices","fun","fun_ASV_470"
"fun_ASV_474","fun","Fungi","Glomeromycota","Glomeromycetes","","","","","fun","fun_ASV_474"
"fun_ASV_477","fun","Fungi","Glomeromycota","Glomeromycetes","","","","","fun","fun_ASV_477"
"fun_ASV_479","fun","Fungi","Glomeromycota","Glomeromycetes","Glomerales","Glomeraceae","Glomus","","fun","fun_ASV_479"
"fun_ASV_480","fun","Fungi","Glomeromycota","Glomeromycetes","","","","","fun","fun_ASV_480"
"fun_ASV_483","fun","Fungi","Glomeromycota","Glomeromycetes","Paraglomerales","Paraglomeraceae","Paraglomus","Alguacil12a_Para_1","fun","fun_ASV_483"
"fun_ASV_49","fun","Fungi","Glomeromycota","Glomeromycetes","Paraglomerales","Paraglomeraceae","Paraglomus","Alguacil12a_Para_1","fun","fun_ASV_49"
"fun_ASV_492","fun","Fungi","Glomeromycota","Glomeromycetes","Glomerales","Glomeraceae","Glomus","viscosum","fun","fun_ASV_492"
"fun_ASV_499","fun","Fungi","Glomeromycota","Glomeromycetes","","","","","fun","fun_ASV_499"
"fun_ASV_5","fun","Fungi","Glomeromycota","Glomeromycetes","Glomerales","Glomeraceae","Glomus","Whitfield_type_17","fun","fun_ASV_5"
"fun_ASV_50","fun","Fungi","Glomeromycota","Glomeromycetes","","","","","fun","fun_ASV_50"
"fun_ASV_507","fun","Fungi","Glomeromycota","Glomeromycetes","","","","","fun","fun_ASV_507"
"fun_ASV_510","fun","Fungi","Glomeromycota","Glomeromycetes","Glomerales","Glomeraceae","Glomus","","fun","fun_ASV_510"
"fun_ASV_514","fun","Fungi","Glomeromycota","Glomeromycetes","Glomerales","","","","fun","fun_ASV_514"
"fun_ASV_515","fun","Fungi","Glomeromycota","Glomeromycetes","Glomerales","Glomeraceae","Glomus","","fun","fun_ASV_515"
"fun_ASV_520","fun","Fungi","Glomeromycota","Glomeromycetes","","","","","fun","fun_ASV_520"
"fun_ASV_527","fun","Fungi","Glomeromycota","Glomeromycetes","Glomerales","","","","fun","fun_ASV_527"
"fun_ASV_530","fun","Fungi","Glomeromycota","Glomeromycetes","","","","","fun","fun_ASV_530"
"fun_ASV_533","fun","Fungi","Glomeromycota","Glomeromycetes","Glomerales","Glomeraceae","Glomus","","fun","fun_ASV_533"
"fun_ASV_537","fun","Fungi","Glomeromycota","Glomeromycetes","","","","","fun","fun_ASV_537"
"fun_ASV_557","fun","Fungi","Glomeromycota","Glomeromycetes","Glomerales","Glomeraceae","Glomus","","fun","fun_ASV_557"
"fun_ASV_559","fun","Fungi","Glomeromycota","Glomeromycetes","","","","","fun","fun_ASV_559"
"fun_ASV_565","fun","Fungi","Glomeromycota","Glomeromycetes","Glomerales","Claroideoglomeraceae","Claroideoglomus","Torrecillas12b_Glo_G5","fun","fun_ASV_565"
"fun_ASV_570","fun","Fungi","Glomeromycota","Glomeromycetes","","","","","fun","fun_ASV_570"
"fun_ASV_58","fun","Fungi","Glomeromycota","Glomeromycetes","Paraglomerales","Paraglomeraceae","Paraglomus","Alguacil12a_Para_1","fun","fun_ASV_58"
"fun_ASV_581","fun","Fungi","Glomeromycota","Glomeromycetes","","","","","fun","fun_ASV_581"
"fun_ASV_583","fun","Fungi","Glomeromycota","Glomeromycetes","","","","","fun","fun_ASV_583"
"fun_ASV_590","fun","Fungi","Glomeromycota","Glomeromycetes","","","","","fun","fun_ASV_590"
"fun_ASV_592","fun","Fungi","Glomeromycota","Glomeromycetes","Glomerales","Glomeraceae","Glomus","","fun","fun_ASV_592"
"fun_ASV_593","fun","Fungi","Glomeromycota","Glomeromycetes","Glomerales","Glomeraceae","Glomus","","fun","fun_ASV_593"
"fun_ASV_6","fun","Fungi","Glomeromycota","Glomeromycetes","Glomerales","Glomeraceae","Glomus","","fun","fun_ASV_6"
"fun_ASV_60","fun","Fungi","Glomeromycota","Glomeromycetes","Glomerales","","","","fun","fun_ASV_60"
"fun_ASV_603","fun","Fungi","Glomeromycota","Glomeromycetes","Paraglomerales","Paraglomeraceae","Paraglomus","Alguacil12a_Para_1","fun","fun_ASV_603"
"fun_ASV_608","fun","Fungi","Glomeromycota","Glomeromycetes","Glomerales","Glomeraceae","Glomus","","fun","fun_ASV_608"
"fun_ASV_61","fun","Fungi","Glomeromycota","Glomeromycetes","Glomerales","Glomeraceae","Glomus","","fun","fun_ASV_61"
"fun_ASV_611","fun","Fungi","Glomeromycota","Glomeromycetes","Glomerales","","","","fun","fun_ASV_611"
"fun_ASV_625","fun","Fungi","Glomeromycota","Glomeromycetes","","","","","fun","fun_ASV_625"
"fun_ASV_633","fun","Fungi","Glomeromycota","Glomeromycetes","","","","","fun","fun_ASV_633"
"fun_ASV_64","fun","Fungi","Glomeromycota","Glomeromycetes","Glomerales","Claroideoglomeraceae","Claroideoglomus","lamellosum","fun","fun_ASV_64"
"fun_ASV_643","fun","Fungi","Glomeromycota","Glomeromycetes","","","","","fun","fun_ASV_643"
"fun_ASV_646","fun","Fungi","Glomeromycota","Glomeromycetes","","","","","fun","fun_ASV_646"
"fun_ASV_65","fun","Fungi","Glomeromycota","Glomeromycetes","Glomerales","Glomeraceae","Glomus","","fun","fun_ASV_65"
"fun_ASV_652","fun","Fungi","Glomeromycota","Glomeromycetes","Glomerales","Glomeraceae","Glomus","Whitfield_type_17","fun","fun_ASV_652"
"fun_ASV_656","fun","Fungi","Glomeromycota","Glomeromycetes","","","","","fun","fun_ASV_656"
"fun_ASV_663","fun","Fungi","Glomeromycota","Glomeromycetes","Glomerales","Claroideoglomeraceae","Claroideoglomus","lamellosum","fun","fun_ASV_663"
"fun_ASV_668","fun","Fungi","Glomeromycota","Glomeromycetes","Glomerales","Glomeraceae","Glomus","","fun","fun_ASV_668"
"fun_ASV_672","fun","Fungi","Glomeromycota","Glomeromycetes","","","","","fun","fun_ASV_672"
"fun_ASV_68","fun","Fungi","Glomeromycota","Glomeromycetes","","","","","fun","fun_ASV_68"
"fun_ASV_683","fun","Fungi","Glomeromycota","Glomeromycetes","","","","","fun","fun_ASV_683"
"fun_ASV_685","fun","Fungi","Glomeromycota","Glomeromycetes","Glomerales","Glomeraceae","Glomus","","fun","fun_ASV_685"
"fun_ASV_69","fun","Fungi","Glomeromycota","Glomeromycetes","Glomerales","","","","fun","fun_ASV_69"
"fun_ASV_690","fun","Fungi","Glomeromycota","Glomeromycetes","Glomerales","Glomeraceae","Glomus","","fun","fun_ASV_690"
"fun_ASV_697","fun","Fungi","Glomeromycota","Glomeromycetes","","","","","fun","fun_ASV_697"
"fun_ASV_7","fun","Fungi","Glomeromycota","Glomeromycetes","","","","","fun","fun_ASV_7"
"fun_ASV_70","fun","Fungi","Glomeromycota","Glomeromycetes","Diversisporales","Diversisporaceae","Diversispora","sp","fun","fun_ASV_70"
"fun_ASV_706","fun","Fungi","Glomeromycota","Glomeromycetes","Glomerales","Glomeraceae","Glomus","","fun","fun_ASV_706"
"fun_ASV_709","fun","Fungi","Glomeromycota","Glomeromycetes","","","","","fun","fun_ASV_709"
"fun_ASV_71","fun","Fungi","Glomeromycota","Glomeromycetes","","","","","fun","fun_ASV_71"
"fun_ASV_713","fun","Fungi","Glomeromycota","Glomeromycetes","Glomerales","Glomeraceae","Glomus","","fun","fun_ASV_713"
"fun_ASV_719","fun","Fungi","Glomeromycota","Glomeromycetes","Paraglomerales","Paraglomeraceae","Paraglomus","Glom_1B13","fun","fun_ASV_719"
"fun_ASV_728","fun","Fungi","Glomeromycota","Glomeromycetes","Glomerales","Glomeraceae","Glomus","","fun","fun_ASV_728"
"fun_ASV_73","fun","Fungi","Glomeromycota","Glomeromycetes","Glomerales","Glomeraceae","Glomus","","fun","fun_ASV_73"
"fun_ASV_74","fun","Fungi","Glomeromycota","Glomeromycetes","","","","","fun","fun_ASV_74"
"fun_ASV_753","fun","Fungi","Glomeromycota","Glomeromycetes","","","","","fun","fun_ASV_753"
"fun_ASV_760","fun","Fungi","Glomeromycota","Glomeromycetes","","","","","fun","fun_ASV_760"
"fun_ASV_766","fun","Fungi","Glomeromycota","Glomeromycetes","","","","","fun","fun_ASV_766"
"fun_ASV_77","fun","Fungi","Glomeromycota","Glomeromycetes","Paraglomerales","Paraglomeraceae","Paraglomus","","fun","fun_ASV_77"
"fun_ASV_773","fun","Fungi","Glomeromycota","Glomeromycetes","Paraglomerales","Paraglomeraceae","Paraglomus","Alguacil12a_Para_1","fun","fun_ASV_773"
"fun_ASV_775","fun","Fungi","Glomeromycota","Glomeromycetes","Glomerales","Glomeraceae","Glomus","viscosum","fun","fun_ASV_775"
"fun_ASV_776","fun","Fungi","Glomeromycota","Glomeromycetes","","","","","fun","fun_ASV_776"
"fun_ASV_78","fun","Fungi","Glomeromycota","Glomeromycetes","Glomerales","","","","fun","fun_ASV_78"
"fun_ASV_785","fun","Fungi","Glomeromycota","Glomeromycetes","","","","","fun","fun_ASV_785"
"fun_ASV_788","fun","Fungi","Glomeromycota","Glomeromycetes","","","","","fun","fun_ASV_788"
"fun_ASV_80","fun","Fungi","Glomeromycota","Glomeromycetes","","","","","fun","fun_ASV_80"
"fun_ASV_801","fun","Fungi","Glomeromycota","Glomeromycetes","","","","","fun","fun_ASV_801"
"fun_ASV_833","fun","Fungi","Glomeromycota","Glomeromycetes","Glomerales","Glomeraceae","Glomus","","fun","fun_ASV_833"
"fun_ASV_844","fun","Fungi","Glomeromycota","Glomeromycetes","Glomerales","Claroideoglomeraceae","Claroideoglomus","Torrecillas12b_Glo_G5","fun","fun_ASV_844"
"fun_ASV_855","fun","Fungi","Glomeromycota","Glomeromycetes","","","","","fun","fun_ASV_855"
"fun_ASV_857","fun","Fungi","Glomeromycota","Glomeromycetes","Glomerales","Glomeraceae","Glomus","","fun","fun_ASV_857"
"fun_ASV_86","fun","Fungi","Glomeromycota","Glomeromycetes","Glomerales","Glomeraceae","Glomus","","fun","fun_ASV_86"
"fun_ASV_860","fun","Fungi","Glomeromycota","Glomeromycetes","Glomerales","","","","fun","fun_ASV_860"
"fun_ASV_88","fun","Fungi","Glomeromycota","Glomeromycetes","Paraglomerales","Paraglomeraceae","Paraglomus","Alguacil12a_Para_1","fun","fun_ASV_88"
"fun_ASV_885","fun","Fungi","Glomeromycota","Glomeromycetes","Glomerales","Glomeraceae","Glomus","MO_G8","fun","fun_ASV_885"
"fun_ASV_89","fun","Fungi","Glomeromycota","Glomeromycetes","Glomerales","Glomeraceae","Glomus","","fun","fun_ASV_89"
"fun_ASV_90","fun","Fungi","Glomeromycota","Glomeromycetes","Glomerales","","","","fun","fun_ASV_90"
"fun_ASV_91","fun","Fungi","Glomeromycota","Glomeromycetes","","","","","fun","fun_ASV_91"
"fun_ASV_915","fun","Fungi","Glomeromycota","Glomeromycetes","","","","","fun","fun_ASV_915"
"fun_ASV_917","fun","Fungi","Glomeromycota","Glomeromycetes","Glomerales","Glomeraceae","Glomus","","fun","fun_ASV_917"
"fun_ASV_918","fun","Fungi","Glomeromycota","Glomeromycetes","Glomerales","Glomeraceae","Glomus","acnaGlo2","fun","fun_ASV_918"
"fun_ASV_921","fun","Fungi","Glomeromycota","Glomeromycetes","Glomerales","Glomeraceae","Glomus","","fun","fun_ASV_921"
"fun_ASV_924","fun","Fungi","Glomeromycota","Glomeromycetes","","","","","fun","fun_ASV_924"
"fun_ASV_927","fun","Fungi","Glomeromycota","Glomeromycetes","","","","","fun","fun_ASV_927"
"fun_ASV_93","fun","Fungi","Glomeromycota","Glomeromycetes","","","","","fun","fun_ASV_93"
"fun_ASV_936","fun","Fungi","Glomeromycota","Glomeromycetes","Glomerales","Glomeraceae","Glomus","","fun","fun_ASV_936"
"fun_ASV_94","fun","Fungi","Glomeromycota","Glomeromycetes","","","","","fun","fun_ASV_94"
"fun_ASV_940","fun","Fungi","Glomeromycota","Glomeromycetes","Glomerales","Glomeraceae","Glomus","","fun","fun_ASV_940"
"fun_ASV_948","fun","Fungi","Glomeromycota","Glomeromycetes","","","","","fun","fun_ASV_948"
"fun_ASV_958","fun","Fungi","Glomeromycota","Glomeromycetes","","","","","fun","fun_ASV_958"
"fun_ASV_961","fun","Fungi","Glomeromycota","Glomeromycetes","Glomerales","Glomeraceae","Glomus","","fun","fun_ASV_961"
"fun_ASV_962","fun","Fungi","Glomeromycota","Glomeromycetes","Glomerales","Glomeraceae","Glomus","Glo7","fun","fun_ASV_962"
"fun_ASV_965","fun","Fungi","Glomeromycota","Glomeromycetes","","","","","fun","fun_ASV_965"
"fun_ASV_97","fun","Fungi","Glomeromycota","Glomeromycetes","Paraglomerales","Paraglomeraceae","Paraglomus","Alguacil12a_Para_1","fun","fun_ASV_97"
"fun_ASV_975","fun","Fungi","Glomeromycota","Glomeromycetes","","","","","fun","fun_ASV_975"
"fun_ASV_980","fun","Fungi","Glomeromycota","Glomeromycetes","","","","","fun","fun_ASV_980"
"fun_ASV_99","fun","Fungi","Glomeromycota","Glomeromycetes","","","","","fun","fun_ASV_99"
"fun_ASV_993","fun","Fungi","Glomeromycota","Glomeromycetes","Paraglomerales","Paraglomeraceae","Paraglomus","Alguacil12a_Para_1","fun","fun_ASV_993"
"fun_ASV_997","fun","Fungi","Glomeromycota","Glomeromycetes","Glomerales","Glomeraceae","Glomus","","fun","fun_ASV_997"
